Sc_id	aoisequence	74_ref_101_rule_fixationrate	74_ref_101_rule_longestfixation	74_ref_101_rule_meanfixationduration	74_ref_101_rule_numfixations	74_ref_101_rule_numtransfrom_74_ref_101_rule	74_ref_101_rule_numtransfrom_Highlighted bars	74_ref_101_rule_proportionnum	74_ref_101_rule_proportiontime	74_ref_101_rule_proptransfrom_74_ref_101_rule	74_ref_101_rule_proptransfrom_Highlighted bars	74_ref_101_rule_stddevfixationduration	74_ref_101_rule_timetofirstfixation	74_ref_101_rule_timetolastfixation	74_ref_101_rule_totaltimespent	Highlighted bars_fixationrate	Highlighted bars_longestfixation	Highlighted bars_meanfixationduration	Highlighted bars_numfixations	Highlighted bars_numtransfrom_74_ref_101_rule	Highlighted bars_numtransfrom_Highlighted bars	Highlighted bars_proportionnum	Highlighted bars_proportiontime	Highlighted bars_proptransfrom_74_ref_101_rule	Highlighted bars_proptransfrom_Highlighted bars	Highlighted bars_stddevfixationduration	Highlighted bars_timetofirstfixation	Highlighted bars_timetolastfixation	Highlighted bars_totaltimespent
msnv60_allsc	[('74_ref_101_rule', 936950, 217), ('Highlighted bars', 936950, 217), ('74_ref_101_rule', 937183, 283), ('Highlighted bars', 937183, 283), ('74_ref_101_rule', 937483, 325), ('Highlighted bars', 937483, 325), ('74_ref_101_rule', 937824, 175), ('Highlighted bars', 937824, 175), ('74_ref_101_rule', 939140, 433), ('Highlighted bars', 939140, 433)]	0.00348918353105	433	286	5	3	3	0.00211954217889	0.00231702308615	0.5	0.5	100.27586948	-1	895835	1433	0.00348918353105	433	286	5	3	3	0.00211954217889	0.00231702308615	0.5	0.5	100.27586948	-1	895835	1433
11	[]	0	-1	-1	0	0	0	0	0	0	0	0	-1	-1	0	0	-1	-1	0	0	0	0	0	0	0	0	-1	-1	0
27	[]	0	-1	-1	0	0	0	0	0	0	0	0	-1	-1	0	0	-1	-1	0	0	0	0	0	0	0	0	-1	-1	0
20	[]	0	-1	-1	0	0	0	0	0	0	0	0	-1	-1	0	0	-1	-1	0	0	0	0	0	0	0	0	-1	-1	0
30	[]	0	-1	-1	0	0	0	0	0	0	0	0	-1	-1	0	0	-1	-1	0	0	0	0	0	0	0	0	-1	-1	0
28	[]	0	-1	-1	0	0	0	0	0	0	0	0	-1	-1	0	0	-1	-1	0	0	0	0	0	0	0	0	-1	-1	0
62	[]	0	-1	-1	0	0	0	0	0	0	0	0	-1	-1	0	0	-1	-1	0	0	0	0	0	0	0	0	-1	-1	0
60	[]	0	-1	-1	0	0	0	0	0	0	0	0	-1	-1	0	0	-1	-1	0	0	0	0	0	0	0	0	-1	-1	0
76	[]	0	-1	-1	0	0	0	0	0	0	0	0	-1	-1	0	0	-1	-1	0	0	0	0	0	0	0	0	-1	-1	0
3	[]	0	-1	-1	0	0	0	0	0	0	0	0	-1	-1	0	0	-1	-1	0	0	0	0	0	0	0	0	-1	-1	0
74	[('74_ref_101_rule', 936950, 217), ('Highlighted bars', 936950, 217), ('74_ref_101_rule', 937183, 283), ('Highlighted bars', 937183, 283), ('74_ref_101_rule', 937483, 325), ('Highlighted bars', 937483, 325), ('74_ref_101_rule', 937824, 175), ('Highlighted bars', 937824, 175), ('74_ref_101_rule', 939140, 433), ('Highlighted bars', 939140, 433)]	0.00348918353105	433	286.6	5	3	3	0.0724637681159	0.04304078813	0.5	0.5	100.273625645	29563	31753	1433	0.00348918353105	433	286.6	5	3	3	0.0724637681159	0.04304078813	0.5	0.5	100.273625645	29563	31753	1433
5	[]	0	-1	-1	0	0	0	0	0	0	0	0	-1	-1	0	0	-1	-1	0	0	0	0	0	0	0	0	-1	-1	0
72	[]	0	-1	-1	0	0	0	0	0	0	0	0	-1	-1	0	0	-1	-1	0	0	0	0	0	0	0	0	-1	-1	0
66	[]	0	-1	-1	0	0	0	0	0	0	0	0	-1	-1	0	0	-1	-1	0	0	0	0	0	0	0	0	-1	-1	0
9	[]	0	-1	-1	0	0	0	0	0	0	0	0	-1	-1	0	0	-1	-1	0	0	0	0	0	0	0	0	-1	-1	0
msnv63_allsc	[('74_ref_101_rule', 1097825, 108), ('Highlighted bars', 1097825, 108), ('74_ref_101_rule', 1098116, 133), ('Highlighted bars', 1098116, 133), ('74_ref_101_rule', 1098616, 75), ('Highlighted bars', 1098616, 75)]	0.00949367088608	133	105	3	0	0	0.00125	0.000432823943382	0	0	29.094673052	-1	1057130	316	0.00949367088608	133	105	3	0	0	0.00125	0.000432823943382	0	0	29.094673052	-1	1057130	316
11	[]	0	-1	-1	0	0	0	0	0	0	0	0	-1	-1	0	0	-1	-1	0	0	0	0	0	0	0	0	-1	-1	0
27	[]	0	-1	-1	0	0	0	0	0	0	0	0	-1	-1	0	0	-1	-1	0	0	0	0	0	0	0	0	-1	-1	0
20	[]	0	-1	-1	0	0	0	0	0	0	0	0	-1	-1	0	0	-1	-1	0	0	0	0	0	0	0	0	-1	-1	0
30	[]	0	-1	-1	0	0	0	0	0	0	0	0	-1	-1	0	0	-1	-1	0	0	0	0	0	0	0	0	-1	-1	0
28	[]	0	-1	-1	0	0	0	0	0	0	0	0	-1	-1	0	0	-1	-1	0	0	0	0	0	0	0	0	-1	-1	0
62	[]	0	-1	-1	0	0	0	0	0	0	0	0	-1	-1	0	0	-1	-1	0	0	0	0	0	0	0	0	-1	-1	0
60	[]	0	-1	-1	0	0	0	0	0	0	0	0	-1	-1	0	0	-1	-1	0	0	0	0	0	0	0	0	-1	-1	0
76	[]	0	-1	-1	0	0	0	0	0	0	0	0	-1	-1	0	0	-1	-1	0	0	0	0	0	0	0	0	-1	-1	0
3	[]	0	-1	-1	0	0	0	0	0	0	0	0	-1	-1	0	0	-1	-1	0	0	0	0	0	0	0	0	-1	-1	0
74	[('74_ref_101_rule', 1097825, 108), ('Highlighted bars', 1097825, 108), ('74_ref_101_rule', 1098116, 133), ('Highlighted bars', 1098116, 133), ('74_ref_101_rule', 1098616, 75), ('Highlighted bars', 1098616, 75)]	0.00949367088608	133	105.333333333	3	0	0	0.0526315789474	0.0123683901523	0	0	29.0918086982	20353	21144	316	0.00949367088608	133	105.333333333	3	0	0	0.0526315789474	0.0123683901523	0	0	29.0918086982	20353	21144	316
5	[]	0	-1	-1	0	0	0	0	0	0	0	0	-1	-1	0	0	-1	-1	0	0	0	0	0	0	0	0	-1	-1	0
72	[]	0	-1	-1	0	0	0	0	0	0	0	0	-1	-1	0	0	-1	-1	0	0	0	0	0	0	0	0	-1	-1	0
66	[]	0	-1	-1	0	0	0	0	0	0	0	0	-1	-1	0	0	-1	-1	0	0	0	0	0	0	0	0	-1	-1	0
9	[]	0	-1	-1	0	0	0	0	0	0	0	0	-1	-1	0	0	-1	-1	0	0	0	0	0	0	0	0	-1	-1	0
msnv66_allsc	[('74_ref_101_rule', 510468, 158), ('Highlighted bars', 510468, 158), ('74_ref_101_rule', 510793, 166), ('Highlighted bars', 510793, 166), ('74_ref_101_rule', 512317, 308), ('Highlighted bars', 512317, 308), ('74_ref_101_rule', 516814, 142), ('Highlighted bars', 516814, 142)]	0.00516795865633	308	193	4	0	0	0.0015680125441	0.00108071729469	0	0	76.9848469939	-1	474844	774	0.00516795865633	308	193	4	0	0	0.0015680125441	0.00108071729469	0	0	76.9848469939	-1	474844	774
11	[]	0	-1	-1	0	0	0	0	0	0	0	0	-1	-1	0	0	-1	-1	0	0	0	0	0	0	0	0	-1	-1	0
27	[]	0	-1	-1	0	0	0	0	0	0	0	0	-1	-1	0	0	-1	-1	0	0	0	0	0	0	0	0	-1	-1	0
20	[]	0	-1	-1	0	0	0	0	0	0	0	0	-1	-1	0	0	-1	-1	0	0	0	0	0	0	0	0	-1	-1	0
30	[]	0	-1	-1	0	0	0	0	0	0	0	0	-1	-1	0	0	-1	-1	0	0	0	0	0	0	0	0	-1	-1	0
28	[]	0	-1	-1	0	0	0	0	0	0	0	0	-1	-1	0	0	-1	-1	0	0	0	0	0	0	0	0	-1	-1	0
3	[]	0	-1	-1	0	0	0	0	0	0	0	0	-1	-1	0	0	-1	-1	0	0	0	0	0	0	0	0	-1	-1	0
60	[]	0	-1	-1	0	0	0	0	0	0	0	0	-1	-1	0	0	-1	-1	0	0	0	0	0	0	0	0	-1	-1	0
76	[]	0	-1	-1	0	0	0	0	0	0	0	0	-1	-1	0	0	-1	-1	0	0	0	0	0	0	0	0	-1	-1	0
62	[]	0	-1	-1	0	0	0	0	0	0	0	0	-1	-1	0	0	-1	-1	0	0	0	0	0	0	0	0	-1	-1	0
74	[('74_ref_101_rule', 510468, 158), ('Highlighted bars', 510468, 158), ('74_ref_101_rule', 510793, 166), ('Highlighted bars', 510793, 166), ('74_ref_101_rule', 512317, 308), ('Highlighted bars', 512317, 308), ('74_ref_101_rule', 516814, 142), ('Highlighted bars', 516814, 142)]	0.00516795865633	308	193.5	4	0	0	0.0481927710843	0.0215047788397	0	0	76.9826820352	25499	31845	774	0.00516795865633	308	193.5	4	0	0	0.0481927710843	0.0215047788397	0	0	76.9826820352	25499	31845	774
5	[]	0	-1	-1	0	0	0	0	0	0	0	0	-1	-1	0	0	-1	-1	0	0	0	0	0	0	0	0	-1	-1	0
72	[]	0	-1	-1	0	0	0	0	0	0	0	0	-1	-1	0	0	-1	-1	0	0	0	0	0	0	0	0	-1	-1	0
66	[]	0	-1	-1	0	0	0	0	0	0	0	0	-1	-1	0	0	-1	-1	0	0	0	0	0	0	0	0	-1	-1	0
9	[]	0	-1	-1	0	0	0	0	0	0	0	0	-1	-1	0	0	-1	-1	0	0	0	0	0	0	0	0	-1	-1	0
msnv68_allsc	[('74_ref_101_rule', 879686, 208), ('Highlighted bars', 879686, 208)]	0.00480769230769	208	208	1	0	0	0.000347101700798	0.000278559739011	0	0	0	-1	838965	208	0.00480769230769	208	208	1	0	0	0.000347101700798	0.000278559739011	0	0	0	-1	838965	208
11	[]	0	-1	-1	0	0	0	0	0	0	0	0	-1	-1	0	0	-1	-1	0	0	0	0	0	0	0	0	-1	-1	0
27	[]	0	-1	-1	0	0	0	0	0	0	0	0	-1	-1	0	0	-1	-1	0	0	0	0	0	0	0	0	-1	-1	0
20	[]	0	-1	-1	0	0	0	0	0	0	0	0	-1	-1	0	0	-1	-1	0	0	0	0	0	0	0	0	-1	-1	0
30	[]	0	-1	-1	0	0	0	0	0	0	0	0	-1	-1	0	0	-1	-1	0	0	0	0	0	0	0	0	-1	-1	0
28	[]	0	-1	-1	0	0	0	0	0	0	0	0	-1	-1	0	0	-1	-1	0	0	0	0	0	0	0	0	-1	-1	0
62	[]	0	-1	-1	0	0	0	0	0	0	0	0	-1	-1	0	0	-1	-1	0	0	0	0	0	0	0	0	-1	-1	0
60	[]	0	-1	-1	0	0	0	0	0	0	0	0	-1	-1	0	0	-1	-1	0	0	0	0	0	0	0	0	-1	-1	0
76	[]	0	-1	-1	0	0	0	0	0	0	0	0	-1	-1	0	0	-1	-1	0	0	0	0	0	0	0	0	-1	-1	0
3	[]	0	-1	-1	0	0	0	0	0	0	0	0	-1	-1	0	0	-1	-1	0	0	0	0	0	0	0	0	-1	-1	0
74	[('74_ref_101_rule', 879686, 208), ('Highlighted bars', 879686, 208)]	0.00480769230769	208	208.0	1	0	0	0.0120481927711	0.00678917648595	0	0	0	25074	25074	208	0.00480769230769	208	208.0	1	0	0	0.0120481927711	0.00678917648595	0	0	0	25074	25074	208
5	[]	0	-1	-1	0	0	0	0	0	0	0	0	-1	-1	0	0	-1	-1	0	0	0	0	0	0	0	0	-1	-1	0
72	[]	0	-1	-1	0	0	0	0	0	0	0	0	-1	-1	0	0	-1	-1	0	0	0	0	0	0	0	0	-1	-1	0
66	[]	0	-1	-1	0	0	0	0	0	0	0	0	-1	-1	0	0	-1	-1	0	0	0	0	0	0	0	0	-1	-1	0
9	[]	0	-1	-1	0	0	0	0	0	0	0	0	-1	-1	0	0	-1	-1	0	0	0	0	0	0	0	0	-1	-1	0
msnv69_allsc	[('74_ref_101_rule', 615506, 241), ('Highlighted bars', 615506, 241), ('74_ref_101_rule', 619944, 108), ('Highlighted bars', 619944, 108)]	0.00573065902579	241	174	2	0	0	0.000705467372134	0.000403822077613	0	0	94.0478601564	-1	535652	349	0.00573065902579	241	174	2	0	0	0.000705467372134	0.000403822077613	0	0	94.0478601564	-1	535652	349
11	[]	0	-1	-1	0	0	0	0	0	0	0	0	-1	-1	0	0	-1	-1	0	0	0	0	0	0	0	0	-1	-1	0
27	[]	0	-1	-1	0	0	0	0	0	0	0	0	-1	-1	0	0	-1	-1	0	0	0	0	0	0	0	0	-1	-1	0
20	[]	0	-1	-1	0	0	0	0	0	0	0	0	-1	-1	0	0	-1	-1	0	0	0	0	0	0	0	0	-1	-1	0
30	[]	0	-1	-1	0	0	0	0	0	0	0	0	-1	-1	0	0	-1	-1	0	0	0	0	0	0	0	0	-1	-1	0
28	[]	0	-1	-1	0	0	0	0	0	0	0	0	-1	-1	0	0	-1	-1	0	0	0	0	0	0	0	0	-1	-1	0
3	[]	0	-1	-1	0	0	0	0	0	0	0	0	-1	-1	0	0	-1	-1	0	0	0	0	0	0	0	0	-1	-1	0
60	[]	0	-1	-1	0	0	0	0	0	0	0	0	-1	-1	0	0	-1	-1	0	0	0	0	0	0	0	0	-1	-1	0
76	[]	0	-1	-1	0	0	0	0	0	0	0	0	-1	-1	0	0	-1	-1	0	0	0	0	0	0	0	0	-1	-1	0
62	[]	0	-1	-1	0	0	0	0	0	0	0	0	-1	-1	0	0	-1	-1	0	0	0	0	0	0	0	0	-1	-1	0
74	[('74_ref_101_rule', 615506, 241), ('Highlighted bars', 615506, 241), ('74_ref_101_rule', 619944, 108), ('Highlighted bars', 619944, 108)]	0.00573065902579	241	174.5	2	0	0	0.047619047619	0.00909683305096	0	0	94.0452018978	31212	35650	349	0.00573065902579	241	174.5	2	0	0	0.047619047619	0.00909683305096	0	0	94.0452018978	31212	35650	349
5	[]	0	-1	-1	0	0	0	0	0	0	0	0	-1	-1	0	0	-1	-1	0	0	0	0	0	0	0	0	-1	-1	0
72	[]	0	-1	-1	0	0	0	0	0	0	0	0	-1	-1	0	0	-1	-1	0	0	0	0	0	0	0	0	-1	-1	0
9	[]	0	-1	-1	0	0	0	0	0	0	0	0	-1	-1	0	0	-1	-1	0	0	0	0	0	0	0	0	-1	-1	0
msnv71_allsc	[('74_ref_101_rule', 1585061, 133), ('Highlighted bars', 1585061, 133), ('74_ref_101_rule', 1585769, 100), ('Highlighted bars', 1585769, 100), ('74_ref_101_rule', 1587110, 125), ('Highlighted bars', 1587110, 125), ('74_ref_101_rule', 1587260, 75), ('Highlighted bars', 1587260, 75), ('74_ref_101_rule', 1587368, 117), ('Highlighted bars', 1587368, 117), ('74_ref_101_rule', 1603790, 325), ('Highlighted bars', 1603790, 325), ('74_ref_101_rule', 1604140, 133), ('Highlighted bars', 1604140, 133), ('74_ref_101_rule', 1604289, 133), ('Highlighted bars', 1604289, 133)]	0.00701139351446	325	142	8	4	4	0.002140754616	0.00108780212488	0.5	0.5	76.4376496611	-1	1550819	1141	0.00701139351446	325	142	8	4	4	0.002140754616	0.00108780212488	0.5	0.5	76.4376496611	-1	1550819	1141
11	[]	0	-1	-1	0	0	0	0	0	0	0	0	-1	-1	0	0	-1	-1	0	0	0	0	0	0	0	0	-1	-1	0
27	[]	0	-1	-1	0	0	0	0	0	0	0	0	-1	-1	0	0	-1	-1	0	0	0	0	0	0	0	0	-1	-1	0
20	[]	0	-1	-1	0	0	0	0	0	0	0	0	-1	-1	0	0	-1	-1	0	0	0	0	0	0	0	0	-1	-1	0
30	[]	0	-1	-1	0	0	0	0	0	0	0	0	-1	-1	0	0	-1	-1	0	0	0	0	0	0	0	0	-1	-1	0
28	[]	0	-1	-1	0	0	0	0	0	0	0	0	-1	-1	0	0	-1	-1	0	0	0	0	0	0	0	0	-1	-1	0
3	[]	0	-1	-1	0	0	0	0	0	0	0	0	-1	-1	0	0	-1	-1	0	0	0	0	0	0	0	0	-1	-1	0
60	[]	0	-1	-1	0	0	0	0	0	0	0	0	-1	-1	0	0	-1	-1	0	0	0	0	0	0	0	0	-1	-1	0
76	[]	0	-1	-1	0	0	0	0	0	0	0	0	-1	-1	0	0	-1	-1	0	0	0	0	0	0	0	0	-1	-1	0
62	[]	0	-1	-1	0	0	0	0	0	0	0	0	-1	-1	0	0	-1	-1	0	0	0	0	0	0	0	0	-1	-1	0
74	[('74_ref_101_rule', 1585061, 133), ('Highlighted bars', 1585061, 133), ('74_ref_101_rule', 1585769, 100), ('Highlighted bars', 1585769, 100), ('74_ref_101_rule', 1587110, 125), ('Highlighted bars', 1587110, 125), ('74_ref_101_rule', 1587260, 75), ('Highlighted bars', 1587260, 75), ('74_ref_101_rule', 1587368, 117), ('Highlighted bars', 1587368, 117), ('74_ref_101_rule', 1603790, 325), ('Highlighted bars', 1603790, 325), ('74_ref_101_rule', 1604140, 133), ('Highlighted bars', 1604140, 133), ('74_ref_101_rule', 1604289, 133), ('Highlighted bars', 1604289, 133)]	0.00701139351446	325	142.625	8	4	4	0.0661157024793	0.0195206241125	0.5	0.5	76.4347293914	33002	52230	1141	0.00701139351446	325	142.625	8	4	4	0.0661157024793	0.0195206241125	0.5	0.5	76.4347293914	33002	52230	1141
5	[]	0	-1	-1	0	0	0	0	0	0	0	0	-1	-1	0	0	-1	-1	0	0	0	0	0	0	0	0	-1	-1	0
72	[]	0	-1	-1	0	0	0	0	0	0	0	0	-1	-1	0	0	-1	-1	0	0	0	0	0	0	0	0	-1	-1	0
66	[]	0	-1	-1	0	0	0	0	0	0	0	0	-1	-1	0	0	-1	-1	0	0	0	0	0	0	0	0	-1	-1	0
9	[]	0	-1	-1	0	0	0	0	0	0	0	0	-1	-1	0	0	-1	-1	0	0	0	0	0	0	0	0	-1	-1	0
msnv73_allsc	[('74_ref_101_rule', 596124, 158), ('Highlighted bars', 596124, 158), ('74_ref_101_rule', 596748, 92), ('Highlighted bars', 596748, 92), ('74_ref_101_rule', 596881, 175), ('Highlighted bars', 596881, 175)]	0.00705882352941	175	141	3	1	1	0.00162866449511	0.000903461426449	0.5	0.5	43.8520238986	-1	498618	425	0.00705882352941	175	141	3	1	1	0.00162866449511	0.000903461426449	0.5	0.5	43.8520238986	-1	498618	425
11	[]	0	-1	-1	0	0	0	0	0	0	0	0	-1	-1	0	0	-1	-1	0	0	0	0	0	0	0	0	-1	-1	0
27	[]	0	-1	-1	0	0	0	0	0	0	0	0	-1	-1	0	0	-1	-1	0	0	0	0	0	0	0	0	-1	-1	0
20	[]	0	-1	-1	0	0	0	0	0	0	0	0	-1	-1	0	0	-1	-1	0	0	0	0	0	0	0	0	-1	-1	0
30	[]	0	-1	-1	0	0	0	0	0	0	0	0	-1	-1	0	0	-1	-1	0	0	0	0	0	0	0	0	-1	-1	0
28	[]	0	-1	-1	0	0	0	0	0	0	0	0	-1	-1	0	0	-1	-1	0	0	0	0	0	0	0	0	-1	-1	0
62	[]	0	-1	-1	0	0	0	0	0	0	0	0	-1	-1	0	0	-1	-1	0	0	0	0	0	0	0	0	-1	-1	0
60	[]	0	-1	-1	0	0	0	0	0	0	0	0	-1	-1	0	0	-1	-1	0	0	0	0	0	0	0	0	-1	-1	0
76	[]	0	-1	-1	0	0	0	0	0	0	0	0	-1	-1	0	0	-1	-1	0	0	0	0	0	0	0	0	-1	-1	0
3	[]	0	-1	-1	0	0	0	0	0	0	0	0	-1	-1	0	0	-1	-1	0	0	0	0	0	0	0	0	-1	-1	0
74	[('74_ref_101_rule', 596124, 158), ('Highlighted bars', 596124, 158), ('74_ref_101_rule', 596748, 92), ('Highlighted bars', 596748, 92), ('74_ref_101_rule', 596881, 175), ('Highlighted bars', 596881, 175)]	0.00705882352941	175	141.666666667	3	1	1	0.051724137931	0.0148705388383	0.5	0.5	43.8444219181	25832	26589	425	0.00705882352941	175	141.666666667	3	1	1	0.051724137931	0.0148705388383	0.5	0.5	43.8444219181	25832	26589	425
5	[]	0	-1	-1	0	0	0	0	0	0	0	0	-1	-1	0	0	-1	-1	0	0	0	0	0	0	0	0	-1	-1	0
72	[]	0	-1	-1	0	0	0	0	0	0	0	0	-1	-1	0	0	-1	-1	0	0	0	0	0	0	0	0	-1	-1	0
66	[]	0	-1	-1	0	0	0	0	0	0	0	0	-1	-1	0	0	-1	-1	0	0	0	0	0	0	0	0	-1	-1	0
9	[]	0	-1	-1	0	0	0	0	0	0	0	0	-1	-1	0	0	-1	-1	0	0	0	0	0	0	0	0	-1	-1	0
msnv75_allsc	[('74_ref_101_rule', 154227, 192), ('Highlighted bars', 154227, 192), ('74_ref_101_rule', 154576, 441), ('Highlighted bars', 154576, 441), ('74_ref_101_rule', 159481, 175), ('Highlighted bars', 159481, 175), ('74_ref_101_rule', 160730, 158), ('Highlighted bars', 160730, 158), ('74_ref_101_rule', 169233, 333), ('Highlighted bars', 169233, 333), ('74_ref_101_rule', 169591, 250), ('Highlighted bars', 169591, 250), ('74_ref_101_rule', 169866, 550), ('Highlighted bars', 169866, 550), ('74_ref_101_rule', 173155, 75), ('Highlighted bars', 173155, 75), ('74_ref_101_rule', 173805, 691), ('Highlighted bars', 173805, 691)]	0.00314136125654	691	318.333333333	9	2	2	0.0857142857143	0.0632897410975	0.5	0.5	204.29880078	19903	39481	2865	0.00314136125654	691	318.333333333	9	2	2	0.0857142857143	0.0632897410975	0.5	0.5	204.29880078	19903	39481	2865
11	[]	0	-1	-1	0	0	0	0	0	0	0	0	-1	-1	0	0	-1	-1	0	0	0	0	0	0	0	0	-1	-1	0
27	[]	0	-1	-1	0	0	0	0	0	0	0	0	-1	-1	0	0	-1	-1	0	0	0	0	0	0	0	0	-1	-1	0
20	[]	0	-1	-1	0	0	0	0	0	0	0	0	-1	-1	0	0	-1	-1	0	0	0	0	0	0	0	0	-1	-1	0
30	[]	0	-1	-1	0	0	0	0	0	0	0	0	-1	-1	0	0	-1	-1	0	0	0	0	0	0	0	0	-1	-1	0
28	[]	0	-1	-1	0	0	0	0	0	0	0	0	-1	-1	0	0	-1	-1	0	0	0	0	0	0	0	0	-1	-1	0
62	[]	0	-1	-1	0	0	0	0	0	0	0	0	-1	-1	0	0	-1	-1	0	0	0	0	0	0	0	0	-1	-1	0
60	[]	0	-1	-1	0	0	0	0	0	0	0	0	-1	-1	0	0	-1	-1	0	0	0	0	0	0	0	0	-1	-1	0
76	[]	0	-1	-1	0	0	0	0	0	0	0	0	-1	-1	0	0	-1	-1	0	0	0	0	0	0	0	0	-1	-1	0
3	[]	0	-1	-1	0	0	0	0	0	0	0	0	-1	-1	0	0	-1	-1	0	0	0	0	0	0	0	0	-1	-1	0
74	[('74_ref_101_rule', 154227, 192), ('Highlighted bars', 154227, 192), ('74_ref_101_rule', 154576, 441), ('Highlighted bars', 154576, 441), ('74_ref_101_rule', 159481, 175), ('Highlighted bars', 159481, 175), ('74_ref_101_rule', 160730, 158), ('Highlighted bars', 160730, 158), ('74_ref_101_rule', 169233, 333), ('Highlighted bars', 169233, 333), ('74_ref_101_rule', 169591, 250), ('Highlighted bars', 169591, 250), ('74_ref_101_rule', 169866, 550), ('Highlighted bars', 169866, 550), ('74_ref_101_rule', 173155, 75), ('Highlighted bars', 173155, 75), ('74_ref_101_rule', 173805, 691), ('Highlighted bars', 173805, 691)]	0.00314136125654	691	318.333333333	9	2	2	0.0857142857143	0.0632897410975	0.5	0.5	204.29880078	19903	39481	2865	0.00314136125654	691	318.333333333	9	2	2	0.0857142857143	0.0632897410975	0.5	0.5	204.29880078	19903	39481	2865
5	[]	0	-1	-1	0	0	0	0	0	0	0	0	-1	-1	0	0	-1	-1	0	0	0	0	0	0	0	0	-1	-1	0
72	[]	0	-1	-1	0	0	0	0	0	0	0	0	-1	-1	0	0	-1	-1	0	0	0	0	0	0	0	0	-1	-1	0
66	[]	0	-1	-1	0	0	0	0	0	0	0	0	-1	-1	0	0	-1	-1	0	0	0	0	0	0	0	0	-1	-1	0
9	[]	0	-1	-1	0	0	0	0	0	0	0	0	-1	-1	0	0	-1	-1	0	0	0	0	0	0	0	0	-1	-1	0
msnv77_allsc	[('74_ref_101_rule', 988666, 133), ('Highlighted bars', 988666, 133), ('74_ref_101_rule', 989033, 117), ('Highlighted bars', 989033, 117), ('74_ref_101_rule', 989166, 650), ('Highlighted bars', 989166, 650), ('74_ref_101_rule', 989840, 450), ('Highlighted bars', 989840, 450), ('74_ref_101_rule', 996544, 125), ('Highlighted bars', 996544, 125), ('74_ref_101_rule', 999892, 325), ('Highlighted bars', 999892, 325), ('74_ref_101_rule', 1001382, 183), ('Highlighted bars', 1001382, 183), ('74_ref_101_rule', 1007611, 216), ('Highlighted bars', 1007611, 216), ('74_ref_101_rule', 1008736, 192), ('Highlighted bars', 1008736, 192), ('74_ref_101_rule', 1008969, 416), ('Highlighted bars', 1008969, 416)]	0.00356252226576	650	280	10	3	3	0.00271370420624	0.00276885623649	0.5	0.5	176.311907961	-1	927095	2807	0.00356252226576	650	280	10	3	3	0.00271370420624	0.00276885623649	0.5	0.5	176.311907961	-1	927095	2807
11	[]	0	-1	-1	0	0	0	0	0	0	0	0	-1	-1	0	0	-1	-1	0	0	0	0	0	0	0	0	-1	-1	0
27	[]	0	-1	-1	0	0	0	0	0	0	0	0	-1	-1	0	0	-1	-1	0	0	0	0	0	0	0	0	-1	-1	0
20	[]	0	-1	-1	0	0	0	0	0	0	0	0	-1	-1	0	0	-1	-1	0	0	0	0	0	0	0	0	-1	-1	0
30	[]	0	-1	-1	0	0	0	0	0	0	0	0	-1	-1	0	0	-1	-1	0	0	0	0	0	0	0	0	-1	-1	0
28	[]	0	-1	-1	0	0	0	0	0	0	0	0	-1	-1	0	0	-1	-1	0	0	0	0	0	0	0	0	-1	-1	0
3	[]	0	-1	-1	0	0	0	0	0	0	0	0	-1	-1	0	0	-1	-1	0	0	0	0	0	0	0	0	-1	-1	0
60	[]	0	-1	-1	0	0	0	0	0	0	0	0	-1	-1	0	0	-1	-1	0	0	0	0	0	0	0	0	-1	-1	0
76	[]	0	-1	-1	0	0	0	0	0	0	0	0	-1	-1	0	0	-1	-1	0	0	0	0	0	0	0	0	-1	-1	0
62	[]	0	-1	-1	0	0	0	0	0	0	0	0	-1	-1	0	0	-1	-1	0	0	0	0	0	0	0	0	-1	-1	0
74	[('74_ref_101_rule', 988666, 133), ('Highlighted bars', 988666, 133), ('74_ref_101_rule', 989033, 117), ('Highlighted bars', 989033, 117), ('74_ref_101_rule', 989166, 650), ('Highlighted bars', 989166, 650), ('74_ref_101_rule', 989840, 450), ('Highlighted bars', 989840, 450), ('74_ref_101_rule', 996544, 125), ('Highlighted bars', 996544, 125), ('74_ref_101_rule', 999892, 325), ('Highlighted bars', 999892, 325), ('74_ref_101_rule', 1001382, 183), ('Highlighted bars', 1001382, 183), ('74_ref_101_rule', 1007611, 216), ('Highlighted bars', 1007611, 216), ('74_ref_101_rule', 1008736, 192), ('Highlighted bars', 1008736, 192), ('74_ref_101_rule', 1008969, 416), ('Highlighted bars', 1008969, 416)]	0.00356252226576	650	280.7	10	3	3	0.0735294117647	0.0593759915389	0.5	0.5	176.310363973	18087	38390	2807	0.00356252226576	650	280.7	10	3	3	0.0735294117647	0.0593759915389	0.5	0.5	176.310363973	18087	38390	2807
5	[]	0	-1	-1	0	0	0	0	0	0	0	0	-1	-1	0	0	-1	-1	0	0	0	0	0	0	0	0	-1	-1	0
72	[]	0	-1	-1	0	0	0	0	0	0	0	0	-1	-1	0	0	-1	-1	0	0	0	0	0	0	0	0	-1	-1	0
66	[]	0	-1	-1	0	0	0	0	0	0	0	0	-1	-1	0	0	-1	-1	0	0	0	0	0	0	0	0	-1	-1	0
9	[]	0	-1	-1	0	0	0	0	0	0	0	0	-1	-1	0	0	-1	-1	0	0	0	0	0	0	0	0	-1	-1	0
msnv78_allsc	[('74_ref_101_rule', 105040, 208), ('Highlighted bars', 105040, 208), ('74_ref_101_rule', 105323, 267), ('Highlighted bars', 105323, 267), ('74_ref_101_rule', 105614, 67), ('Highlighted bars', 105614, 67), ('74_ref_101_rule', 105722, 83), ('Highlighted bars', 105722, 83), ('74_ref_101_rule', 106189, 250), ('Highlighted bars', 106189, 250), ('74_ref_101_rule', 106455, 391), ('Highlighted bars', 106455, 391), ('74_ref_101_rule', 111310, 200), ('Highlighted bars', 111310, 200), ('74_ref_101_rule', 123802, 92), ('Highlighted bars', 123802, 92), ('74_ref_101_rule', 123902, 158), ('Highlighted bars', 123902, 158)]	0.00524475524476	391	190.666666667	9	5	5	0.113924050633	0.0492735312697	0.5	0.5	104.615964365	16248	35110	1716	0.00524475524476	391	190.666666667	9	5	5	0.113924050633	0.0492735312697	0.5	0.5	104.615964365	16248	35110	1716
11	[]	0	-1	-1	0	0	0	0	0	0	0	0	-1	-1	0	0	-1	-1	0	0	0	0	0	0	0	0	-1	-1	0
27	[]	0	-1	-1	0	0	0	0	0	0	0	0	-1	-1	0	0	-1	-1	0	0	0	0	0	0	0	0	-1	-1	0
20	[]	0	-1	-1	0	0	0	0	0	0	0	0	-1	-1	0	0	-1	-1	0	0	0	0	0	0	0	0	-1	-1	0
30	[]	0	-1	-1	0	0	0	0	0	0	0	0	-1	-1	0	0	-1	-1	0	0	0	0	0	0	0	0	-1	-1	0
28	[]	0	-1	-1	0	0	0	0	0	0	0	0	-1	-1	0	0	-1	-1	0	0	0	0	0	0	0	0	-1	-1	0
62	[]	0	-1	-1	0	0	0	0	0	0	0	0	-1	-1	0	0	-1	-1	0	0	0	0	0	0	0	0	-1	-1	0
60	[]	0	-1	-1	0	0	0	0	0	0	0	0	-1	-1	0	0	-1	-1	0	0	0	0	0	0	0	0	-1	-1	0
76	[]	0	-1	-1	0	0	0	0	0	0	0	0	-1	-1	0	0	-1	-1	0	0	0	0	0	0	0	0	-1	-1	0
3	[]	0	-1	-1	0	0	0	0	0	0	0	0	-1	-1	0	0	-1	-1	0	0	0	0	0	0	0	0	-1	-1	0
74	[('74_ref_101_rule', 105040, 208), ('Highlighted bars', 105040, 208), ('74_ref_101_rule', 105323, 267), ('Highlighted bars', 105323, 267), ('74_ref_101_rule', 105614, 67), ('Highlighted bars', 105614, 67), ('74_ref_101_rule', 105722, 83), ('Highlighted bars', 105722, 83), ('74_ref_101_rule', 106189, 250), ('Highlighted bars', 106189, 250), ('74_ref_101_rule', 106455, 391), ('Highlighted bars', 106455, 391), ('74_ref_101_rule', 111310, 200), ('Highlighted bars', 111310, 200), ('74_ref_101_rule', 123802, 92), ('Highlighted bars', 123802, 92), ('74_ref_101_rule', 123902, 158), ('Highlighted bars', 123902, 158)]	0.00524475524476	391	190.666666667	9	5	5	0.113924050633	0.0492735312697	0.5	0.5	104.615964365	16248	35110	1716	0.00524475524476	391	190.666666667	9	5	5	0.113924050633	0.0492735312697	0.5	0.5	104.615964365	16248	35110	1716
5	[]	0	-1	-1	0	0	0	0	0	0	0	0	-1	-1	0	0	-1	-1	0	0	0	0	0	0	0	0	-1	-1	0
72	[]	0	-1	-1	0	0	0	0	0	0	0	0	-1	-1	0	0	-1	-1	0	0	0	0	0	0	0	0	-1	-1	0
66	[]	0	-1	-1	0	0	0	0	0	0	0	0	-1	-1	0	0	-1	-1	0	0	0	0	0	0	0	0	-1	-1	0
9	[]	0	-1	-1	0	0	0	0	0	0	0	0	-1	-1	0	0	-1	-1	0	0	0	0	0	0	0	0	-1	-1	0
msnv81_allsc	[('74_ref_101_rule', 1342528, 117), ('Highlighted bars', 1342528, 117), ('74_ref_101_rule', 1361798, 200), ('Highlighted bars', 1361798, 200), ('74_ref_101_rule', 1362356, 466), ('Highlighted bars', 1362356, 466), ('74_ref_101_rule', 1362847, 158), ('Highlighted bars', 1362847, 158), ('74_ref_101_rule', 1389454, 133), ('Highlighted bars', 1389454, 133), ('74_ref_101_rule', 1390844, 117), ('Highlighted bars', 1390844, 117), ('74_ref_101_rule', 1391444, 142), ('Highlighted bars', 1391444, 142), ('74_ref_101_rule', 1391611, 308), ('Highlighted bars', 1391611, 308)]	0.00487507617307	466	205	8	2	2	0.001032791118	0.000740616376964	0.5	0.5	122.826823501	-1	1319961	1641	0.00487507617307	466	205	8	2	2	0.001032791118	0.000740616376964	0.5	0.5	122.826823501	-1	1319961	1641
11	[]	0	-1	-1	0	0	0	0	0	0	0	0	-1	-1	0	0	-1	-1	0	0	0	0	0	0	0	0	-1	-1	0
27	[]	0	-1	-1	0	0	0	0	0	0	0	0	-1	-1	0	0	-1	-1	0	0	0	0	0	0	0	0	-1	-1	0
20	[]	0	-1	-1	0	0	0	0	0	0	0	0	-1	-1	0	0	-1	-1	0	0	0	0	0	0	0	0	-1	-1	0
30	[]	0	-1	-1	0	0	0	0	0	0	0	0	-1	-1	0	0	-1	-1	0	0	0	0	0	0	0	0	-1	-1	0
28	[]	0	-1	-1	0	0	0	0	0	0	0	0	-1	-1	0	0	-1	-1	0	0	0	0	0	0	0	0	-1	-1	0
3	[]	0	-1	-1	0	0	0	0	0	0	0	0	-1	-1	0	0	-1	-1	0	0	0	0	0	0	0	0	-1	-1	0
76	[]	0	-1	-1	0	0	0	0	0	0	0	0	-1	-1	0	0	-1	-1	0	0	0	0	0	0	0	0	-1	-1	0
62	[]	0	-1	-1	0	0	0	0	0	0	0	0	-1	-1	0	0	-1	-1	0	0	0	0	0	0	0	0	-1	-1	0
74	[('74_ref_101_rule', 1342528, 117), ('Highlighted bars', 1342528, 117), ('74_ref_101_rule', 1361798, 200), ('Highlighted bars', 1361798, 200), ('74_ref_101_rule', 1362356, 466), ('Highlighted bars', 1362356, 466), ('74_ref_101_rule', 1362847, 158), ('Highlighted bars', 1362847, 158), ('74_ref_101_rule', 1389454, 133), ('Highlighted bars', 1389454, 133), ('74_ref_101_rule', 1390844, 117), ('Highlighted bars', 1390844, 117), ('74_ref_101_rule', 1391444, 142), ('Highlighted bars', 1391444, 142), ('74_ref_101_rule', 1391611, 308), ('Highlighted bars', 1391611, 308)]	0.00487507617307	466	205.125	8	2	2	0.0338983050847	0.0155139162003	0.5	0.5	122.826750809	45876	94959	1641	0.00487507617307	466	205.125	8	2	2	0.0338983050847	0.0155139162003	0.5	0.5	122.826750809	45876	94959	1641
72	[]	0	-1	-1	0	0	0	0	0	0	0	0	-1	-1	0	0	-1	-1	0	0	0	0	0	0	0	0	-1	-1	0
66	[]	0	-1	-1	0	0	0	0	0	0	0	0	-1	-1	0	0	-1	-1	0	0	0	0	0	0	0	0	-1	-1	0
9	[]	0	-1	-1	0	0	0	0	0	0	0	0	-1	-1	0	0	-1	-1	0	0	0	0	0	0	0	0	-1	-1	0
msnv24_allsc	[('74_ref_101_rule', 940210, 142), ('Highlighted bars', 940210, 142)]	0.00704225352113	142	142	1	0	0	0.000348553502963	0.000176894137579	0	0	0	-1	686890	142	0.00704225352113	142	142	1	0	0	0.000348553502963	0.000176894137579	0	0	0	-1	686890	142
11	[]	0	-1	-1	0	0	0	0	0	0	0	0	-1	-1	0	0	-1	-1	0	0	0	0	0	0	0	0	-1	-1	0
27	[]	0	-1	-1	0	0	0	0	0	0	0	0	-1	-1	0	0	-1	-1	0	0	0	0	0	0	0	0	-1	-1	0
20	[]	0	-1	-1	0	0	0	0	0	0	0	0	-1	-1	0	0	-1	-1	0	0	0	0	0	0	0	0	-1	-1	0
30	[]	0	-1	-1	0	0	0	0	0	0	0	0	-1	-1	0	0	-1	-1	0	0	0	0	0	0	0	0	-1	-1	0
28	[]	0	-1	-1	0	0	0	0	0	0	0	0	-1	-1	0	0	-1	-1	0	0	0	0	0	0	0	0	-1	-1	0
62	[]	0	-1	-1	0	0	0	0	0	0	0	0	-1	-1	0	0	-1	-1	0	0	0	0	0	0	0	0	-1	-1	0
60	[]	0	-1	-1	0	0	0	0	0	0	0	0	-1	-1	0	0	-1	-1	0	0	0	0	0	0	0	0	-1	-1	0
76	[]	0	-1	-1	0	0	0	0	0	0	0	0	-1	-1	0	0	-1	-1	0	0	0	0	0	0	0	0	-1	-1	0
3	[]	0	-1	-1	0	0	0	0	0	0	0	0	-1	-1	0	0	-1	-1	0	0	0	0	0	0	0	0	-1	-1	0
74	[('74_ref_101_rule', 940210, 142), ('Highlighted bars', 940210, 142)]	0.00704225352113	142	142.0	1	0	0	0.0322580645161	0.00506004347361	0	0	0	25057	25057	142	0.00704225352113	142	142.0	1	0	0	0.0322580645161	0.00506004347361	0	0	0	25057	25057	142
5	[]	0	-1	-1	0	0	0	0	0	0	0	0	-1	-1	0	0	-1	-1	0	0	0	0	0	0	0	0	-1	-1	0
72	[]	0	-1	-1	0	0	0	0	0	0	0	0	-1	-1	0	0	-1	-1	0	0	0	0	0	0	0	0	-1	-1	0
66	[]	0	-1	-1	0	0	0	0	0	0	0	0	-1	-1	0	0	-1	-1	0	0	0	0	0	0	0	0	-1	-1	0
9	[]	0	-1	-1	0	0	0	0	0	0	0	0	-1	-1	0	0	-1	-1	0	0	0	0	0	0	0	0	-1	-1	0
msnv25_allsc	[]	0	-1	-1	0	0	0	0	0	0	-1	-1	0
11	[]	0	-1	-1	0	0	0	0	0	0	-1	-1	0
27	[]	0	-1	-1	0	0	0	0	0	0	-1	-1	0
20	[]	0	-1	-1	0	0	0	0	0	0	-1	-1	0
30	[]	0	-1	-1	0	0	0	0	0	0	-1	-1	0
28	[]	0	-1	-1	0	0	0	0	0	0	-1	-1	0
3	[]	0	-1	-1	0	0	0	0	0	0	-1	-1	0
60	[]	0	-1	-1	0	0	0	0	0	0	-1	-1	0
76	[]	0	-1	-1	0	0	0	0	0	0	-1	-1	0
62	[]	0	-1	-1	0	0	0	0	0	0	-1	-1	0
74	[]	0	-1	-1	0	0	0	0	0	0	-1	-1	0
5	[]	0	-1	-1	0	0	0	0	0	0	-1	-1	0
72	[]	0	-1	-1	0	0	0	0	0	0	-1	-1	0
66	[]	0	-1	-1	0	0	0	0	0	0	-1	-1	0
9	[]	0	-1	-1	0	0	0	0	0	0	-1	-1	0
msnv29_allsc	[('74_ref_101_rule', 1308234, 225), ('Highlighted bars', 1308234, 225), ('74_ref_101_rule', 1310874, 100), ('Highlighted bars', 1310874, 100), ('74_ref_101_rule', 1319309, 100), ('Highlighted bars', 1319309, 100)]	0.00705882352941	225	141	3	0	0	0.000966183574879	0.000452257563343	0	0	72.1734023031	-1	1231627	425	0.00705882352941	225	141	3	0	0	0.000966183574879	0.000452257563343	0	0	72.1734023031	-1	1231627	425
11	[]	0	-1	-1	0	0	0	0	0	0	0	0	-1	-1	0	0	-1	-1	0	0	0	0	0	0	0	0	-1	-1	0
27	[]	0	-1	-1	0	0	0	0	0	0	0	0	-1	-1	0	0	-1	-1	0	0	0	0	0	0	0	0	-1	-1	0
20	[]	0	-1	-1	0	0	0	0	0	0	0	0	-1	-1	0	0	-1	-1	0	0	0	0	0	0	0	0	-1	-1	0
30	[]	0	-1	-1	0	0	0	0	0	0	0	0	-1	-1	0	0	-1	-1	0	0	0	0	0	0	0	0	-1	-1	0
28	[]	0	-1	-1	0	0	0	0	0	0	0	0	-1	-1	0	0	-1	-1	0	0	0	0	0	0	0	0	-1	-1	0
62	[]	0	-1	-1	0	0	0	0	0	0	0	0	-1	-1	0	0	-1	-1	0	0	0	0	0	0	0	0	-1	-1	0
60	[]	0	-1	-1	0	0	0	0	0	0	0	0	-1	-1	0	0	-1	-1	0	0	0	0	0	0	0	0	-1	-1	0
76	[]	0	-1	-1	0	0	0	0	0	0	0	0	-1	-1	0	0	-1	-1	0	0	0	0	0	0	0	0	-1	-1	0
3	[]	0	-1	-1	0	0	0	0	0	0	0	0	-1	-1	0	0	-1	-1	0	0	0	0	0	0	0	0	-1	-1	0
74	[('74_ref_101_rule', 1308234, 225), ('Highlighted bars', 1308234, 225), ('74_ref_101_rule', 1310874, 100), ('Highlighted bars', 1310874, 100), ('74_ref_101_rule', 1319309, 100), ('Highlighted bars', 1319309, 100)]	0.00705882352941	225	141.666666667	3	0	0	0.0361445783133	0.0105529759392	0	0	72.1687836487	26657	37732	425	0.00705882352941	225	141.666666667	3	0	0	0.0361445783133	0.0105529759392	0	0	72.1687836487	26657	37732	425
5	[]	0	-1	-1	0	0	0	0	0	0	0	0	-1	-1	0	0	-1	-1	0	0	0	0	0	0	0	0	-1	-1	0
72	[]	0	-1	-1	0	0	0	0	0	0	0	0	-1	-1	0	0	-1	-1	0	0	0	0	0	0	0	0	-1	-1	0
66	[]	0	-1	-1	0	0	0	0	0	0	0	0	-1	-1	0	0	-1	-1	0	0	0	0	0	0	0	0	-1	-1	0
9	[]	0	-1	-1	0	0	0	0	0	0	0	0	-1	-1	0	0	-1	-1	0	0	0	0	0	0	0	0	-1	-1	0
msnv30_allsc	[('74_ref_101_rule', 319696, 133), ('Highlighted bars', 319696, 133), ('74_ref_101_rule', 353722, 75), ('Highlighted bars', 353722, 75), ('74_ref_101_rule', 353814, 117), ('Highlighted bars', 353814, 117)]	0.00923076923077	133	108	3	1	1	0.00125156445557	0.000472079750974	0.5	0.5	29.9583043579	-1	301066	325	0.00923076923077	133	108	3	1	1	0.00125156445557	0.000472079750974	0.5	0.5	29.9583043579	-1	301066	325
11	[]	0	-1	-1	0	0	0	0	0	0	0	0	-1	-1	0	0	-1	-1	0	0	0	0	0	0	0	0	-1	-1	0
27	[]	0	-1	-1	0	0	0	0	0	0	0	0	-1	-1	0	0	-1	-1	0	0	0	0	0	0	0	0	-1	-1	0
20	[]	0	-1	-1	0	0	0	0	0	0	0	0	-1	-1	0	0	-1	-1	0	0	0	0	0	0	0	0	-1	-1	0
30	[]	0	-1	-1	0	0	0	0	0	0	0	0	-1	-1	0	0	-1	-1	0	0	0	0	0	0	0	0	-1	-1	0
28	[]	0	-1	-1	0	0	0	0	0	0	0	0	-1	-1	0	0	-1	-1	0	0	0	0	0	0	0	0	-1	-1	0
62	[]	0	-1	-1	0	0	0	0	0	0	0	0	-1	-1	0	0	-1	-1	0	0	0	0	0	0	0	0	-1	-1	0
60	[]	0	-1	-1	0	0	0	0	0	0	0	0	-1	-1	0	0	-1	-1	0	0	0	0	0	0	0	0	-1	-1	0
76	[]	0	-1	-1	0	0	0	0	0	0	0	0	-1	-1	0	0	-1	-1	0	0	0	0	0	0	0	0	-1	-1	0
3	[]	0	-1	-1	0	0	0	0	0	0	0	0	-1	-1	0	0	-1	-1	0	0	0	0	0	0	0	0	-1	-1	0
74	[('74_ref_101_rule', 319696, 133), ('Highlighted bars', 319696, 133), ('74_ref_101_rule', 353722, 75), ('Highlighted bars', 353722, 75), ('74_ref_101_rule', 353814, 117), ('Highlighted bars', 353814, 117)]	0.00923076923077	133	108.333333333	3	1	1	0.0212765957447	0.00571649693068	0.5	0.5	29.9555225849	19020	53138	325	0.00923076923077	133	108.333333333	3	1	1	0.0212765957447	0.00571649693068	0.5	0.5	29.9555225849	19020	53138	325
5	[]	0	-1	-1	0	0	0	0	0	0	0	0	-1	-1	0	0	-1	-1	0	0	0	0	0	0	0	0	-1	-1	0
72	[]	0	-1	-1	0	0	0	0	0	0	0	0	-1	-1	0	0	-1	-1	0	0	0	0	0	0	0	0	-1	-1	0
66	[]	0	-1	-1	0	0	0	0	0	0	0	0	-1	-1	0	0	-1	-1	0	0	0	0	0	0	0	0	-1	-1	0
9	[]	0	-1	-1	0	0	0	0	0	0	0	0	-1	-1	0	0	-1	-1	0	0	0	0	0	0	0	0	-1	-1	0
msnv34_allsc	[('74_ref_101_rule', 1138150, 108), ('Highlighted bars', 1138150, 108), ('74_ref_101_rule', 1139407, 208), ('Highlighted bars', 1139407, 208), ('74_ref_101_rule', 1158985, 225), ('Highlighted bars', 1158985, 225), ('74_ref_101_rule', 1159243, 266), ('Highlighted bars', 1159243, 266), ('74_ref_101_rule', 1160592, 67), ('Highlighted bars', 1160592, 67), ('74_ref_101_rule', 1161167, 108), ('Highlighted bars', 1161167, 108)]	0.0061099796334	266	163	6	1	1	0.00146771037182	0.000846224906243	0.5	0.5	79.6793574271	-1	1087944	982	0.0061099796334	266	163	6	1	1	0.00146771037182	0.000846224906243	0.5	0.5	79.6793574271	-1	1087944	982
11	[]	0	-1	-1	0	0	0	0	0	0	0	0	-1	-1	0	0	-1	-1	0	0	0	0	0	0	0	0	-1	-1	0
27	[]	0	-1	-1	0	0	0	0	0	0	0	0	-1	-1	0	0	-1	-1	0	0	0	0	0	0	0	0	-1	-1	0
20	[]	0	-1	-1	0	0	0	0	0	0	0	0	-1	-1	0	0	-1	-1	0	0	0	0	0	0	0	0	-1	-1	0
30	[]	0	-1	-1	0	0	0	0	0	0	0	0	-1	-1	0	0	-1	-1	0	0	0	0	0	0	0	0	-1	-1	0
28	[]	0	-1	-1	0	0	0	0	0	0	0	0	-1	-1	0	0	-1	-1	0	0	0	0	0	0	0	0	-1	-1	0
3	[]	0	-1	-1	0	0	0	0	0	0	0	0	-1	-1	0	0	-1	-1	0	0	0	0	0	0	0	0	-1	-1	0
60	[]	0	-1	-1	0	0	0	0	0	0	0	0	-1	-1	0	0	-1	-1	0	0	0	0	0	0	0	0	-1	-1	0
76	[]	0	-1	-1	0	0	0	0	0	0	0	0	-1	-1	0	0	-1	-1	0	0	0	0	0	0	0	0	-1	-1	0
62	[]	0	-1	-1	0	0	0	0	0	0	0	0	-1	-1	0	0	-1	-1	0	0	0	0	0	0	0	0	-1	-1	0
74	[('74_ref_101_rule', 1138150, 108), ('Highlighted bars', 1138150, 108), ('74_ref_101_rule', 1139407, 208), ('Highlighted bars', 1139407, 208), ('74_ref_101_rule', 1158985, 225), ('Highlighted bars', 1158985, 225), ('74_ref_101_rule', 1159243, 266), ('Highlighted bars', 1159243, 266), ('74_ref_101_rule', 1160592, 67), ('Highlighted bars', 1160592, 67), ('74_ref_101_rule', 1161167, 108), ('Highlighted bars', 1161167, 108)]	0.0061099796334	266	163.666666667	6	1	1	0.0483870967742	0.0145959363249	0.5	0.5	79.6760106096	38350	61367	982	0.0061099796334	266	163.666666667	6	1	1	0.0483870967742	0.0145959363249	0.5	0.5	79.6760106096	38350	61367	982
5	[]	0	-1	-1	0	0	0	0	0	0	0	0	-1	-1	0	0	-1	-1	0	0	0	0	0	0	0	0	-1	-1	0
72	[]	0	-1	-1	0	0	0	0	0	0	0	0	-1	-1	0	0	-1	-1	0	0	0	0	0	0	0	0	-1	-1	0
66	[]	0	-1	-1	0	0	0	0	0	0	0	0	-1	-1	0	0	-1	-1	0	0	0	0	0	0	0	0	-1	-1	0
9	[]	0	-1	-1	0	0	0	0	0	0	0	0	-1	-1	0	0	-1	-1	0	0	0	0	0	0	0	0	-1	-1	0
msnv35_allsc	[('74_ref_101_rule', 344713, 175), ('Highlighted bars', 344713, 175), ('74_ref_101_rule', 345229, 275), ('Highlighted bars', 345229, 275), ('74_ref_101_rule', 345529, 250), ('Highlighted bars', 345529, 250), ('74_ref_101_rule', 348452, 217), ('Highlighted bars', 348452, 217), ('74_ref_101_rule', 353390, 366), ('Highlighted bars', 353390, 366)]	0.00389711613406	366	256	5	1	1	0.00205423171734	0.00205955534152	0.5	0.5	71.7269126618	-1	225977	1283	0.00389711613406	366	256	5	1	1	0.00205423171734	0.00205955534152	0.5	0.5	71.7269126618	-1	225977	1283
11	[]	0	-1	-1	0	0	0	0	0	0	0	0	-1	-1	0	0	-1	-1	0	0	0	0	0	0	0	0	-1	-1	0
27	[]	0	-1	-1	0	0	0	0	0	0	0	0	-1	-1	0	0	-1	-1	0	0	0	0	0	0	0	0	-1	-1	0
20	[]	0	-1	-1	0	0	0	0	0	0	0	0	-1	-1	0	0	-1	-1	0	0	0	0	0	0	0	0	-1	-1	0
30	[]	0	-1	-1	0	0	0	0	0	0	0	0	-1	-1	0	0	-1	-1	0	0	0	0	0	0	0	0	-1	-1	0
28	[]	0	-1	-1	0	0	0	0	0	0	0	0	-1	-1	0	0	-1	-1	0	0	0	0	0	0	0	0	-1	-1	0
3	[]	0	-1	-1	0	0	0	0	0	0	0	0	-1	-1	0	0	-1	-1	0	0	0	0	0	0	0	0	-1	-1	0
60	[]	0	-1	-1	0	0	0	0	0	0	0	0	-1	-1	0	0	-1	-1	0	0	0	0	0	0	0	0	-1	-1	0
76	[]	0	-1	-1	0	0	0	0	0	0	0	0	-1	-1	0	0	-1	-1	0	0	0	0	0	0	0	0	-1	-1	0
62	[]	0	-1	-1	0	0	0	0	0	0	0	0	-1	-1	0	0	-1	-1	0	0	0	0	0	0	0	0	-1	-1	0
74	[('74_ref_101_rule', 344713, 175), ('Highlighted bars', 344713, 175), ('74_ref_101_rule', 345229, 275), ('Highlighted bars', 345229, 275), ('74_ref_101_rule', 345529, 250), ('Highlighted bars', 345529, 250), ('74_ref_101_rule', 348452, 217), ('Highlighted bars', 348452, 217), ('74_ref_101_rule', 353390, 366), ('Highlighted bars', 353390, 366)]	0.00389711613406	366	256.6	5	1	1	0.172413793103	0.0592336103416	0.5	0.5	71.7237756954	12583	21260	1283	0.00389711613406	366	256.6	5	1	1	0.172413793103	0.0592336103416	0.5	0.5	71.7237756954	12583	21260	1283
5	[]	0	-1	-1	0	0	0	0	0	0	0	0	-1	-1	0	0	-1	-1	0	0	0	0	0	0	0	0	-1	-1	0
72	[]	0	-1	-1	0	0	0	0	0	0	0	0	-1	-1	0	0	-1	-1	0	0	0	0	0	0	0	0	-1	-1	0
66	[]	0	-1	-1	0	0	0	0	0	0	0	0	-1	-1	0	0	-1	-1	0	0	0	0	0	0	0	0	-1	-1	0
9	[]	0	-1	-1	0	0	0	0	0	0	0	0	-1	-1	0	0	-1	-1	0	0	0	0	0	0	0	0	-1	-1	0
msnv37_allsc	[]	-1	-1	-1	0	0	0	0.0	0.0	0	0	0	-1	-1	0	-1	-1	-1	0	0	0	0.0	0.0	0	0	0	-1	-1	0
11	[]	0	-1	-1	0	0	0	0	0	0	0	0	-1	-1	0	0	-1	-1	0	0	0	0	0	0	0	0	-1	-1	0
27	[]	0	-1	-1	0	0	0	0	0	0	0	0	-1	-1	0	0	-1	-1	0	0	0	0	0	0	0	0	-1	-1	0
20	[]	0	-1	-1	0	0	0	0	0	0	0	0	-1	-1	0	0	-1	-1	0	0	0	0	0	0	0	0	-1	-1	0
30	[]	0	-1	-1	0	0	0	0	0	0	0	0	-1	-1	0	0	-1	-1	0	0	0	0	0	0	0	0	-1	-1	0
28	[]	0	-1	-1	0	0	0	0	0	0	0	0	-1	-1	0	0	-1	-1	0	0	0	0	0	0	0	0	-1	-1	0
3	[]	0	-1	-1	0	0	0	0	0	0	0	0	-1	-1	0	0	-1	-1	0	0	0	0	0	0	0	0	-1	-1	0
60	[]	0	-1	-1	0	0	0	0	0	0	0	0	-1	-1	0	0	-1	-1	0	0	0	0	0	0	0	0	-1	-1	0
76	[]	0	-1	-1	0	0	0	0	0	0	0	0	-1	-1	0	0	-1	-1	0	0	0	0	0	0	0	0	-1	-1	0
62	[]	0	-1	-1	0	0	0	0	0	0	0	0	-1	-1	0	0	-1	-1	0	0	0	0	0	0	0	0	-1	-1	0
74	[]	0	-1	-1	0	0	0	0	0.0	0	0	0	-1	-1	0	0	-1	-1	0	0	0	0	0.0	0	0	0	-1	-1	0
5	[]	0	-1	-1	0	0	0	0	0	0	0	0	-1	-1	0	0	-1	-1	0	0	0	0	0	0	0	0	-1	-1	0
72	[]	0	-1	-1	0	0	0	0	0	0	0	0	-1	-1	0	0	-1	-1	0	0	0	0	0	0	0	0	-1	-1	0
66	[]	0	-1	-1	0	0	0	0	0	0	0	0	-1	-1	0	0	-1	-1	0	0	0	0	0	0	0	0	-1	-1	0
9	[]	0	-1	-1	0	0	0	0	0	0	0	0	-1	-1	0	0	-1	-1	0	0	0	0	0	0	0	0	-1	-1	0
msnv38_allsc	[]	-1	-1	-1	0	0	0	0.0	0.0	0	0	0	-1	-1	0	-1	-1	-1	0	0	0	0.0	0.0	0	0	0	-1	-1	0
11	[]	0	-1	-1	0	0	0	0	0	0	0	0	-1	-1	0	0	-1	-1	0	0	0	0	0	0	0	0	-1	-1	0
27	[]	0	-1	-1	0	0	0	0	0	0	0	0	-1	-1	0	0	-1	-1	0	0	0	0	0	0	0	0	-1	-1	0
20	[]	0	-1	-1	0	0	0	0	0	0	0	0	-1	-1	0	0	-1	-1	0	0	0	0	0	0	0	0	-1	-1	0
28	[]	0	-1	-1	0	0	0	0	0	0	0	0	-1	-1	0	0	-1	-1	0	0	0	0	0	0	0	0	-1	-1	0
62	[]	0	-1	-1	0	0	0	0	0	0	0	0	-1	-1	0	0	-1	-1	0	0	0	0	0	0	0	0	-1	-1	0
60	[]	0	-1	-1	0	0	0	0	0	0	0	0	-1	-1	0	0	-1	-1	0	0	0	0	0	0	0	0	-1	-1	0
76	[]	0	-1	-1	0	0	0	0	0	0	0	0	-1	-1	0	0	-1	-1	0	0	0	0	0	0	0	0	-1	-1	0
3	[]	0	-1	-1	0	0	0	0	0	0	0	0	-1	-1	0	0	-1	-1	0	0	0	0	0	0	0	0	-1	-1	0
74	[]	0	-1	-1	0	0	0	0	0.0	0	0	0	-1	-1	0	0	-1	-1	0	0	0	0	0.0	0	0	0	-1	-1	0
5	[]	0	-1	-1	0	0	0	0	0	0	0	0	-1	-1	0	0	-1	-1	0	0	0	0	0	0	0	0	-1	-1	0
72	[]	0	-1	-1	0	0	0	0	0	0	0	0	-1	-1	0	0	-1	-1	0	0	0	0	0	0	0	0	-1	-1	0
66	[]	0	-1	-1	0	0	0	0	0	0	0	0	-1	-1	0	0	-1	-1	0	0	0	0	0	0	0	0	-1	-1	0
9	[]	0	-1	-1	0	0	0	0	0	0	0	0	-1	-1	0	0	-1	-1	0	0	0	0	0	0	0	0	-1	-1	0
msnv39_allsc	[('74_ref_101_rule', 562798, 150), ('Highlighted bars', 562798, 150)]	0.00666666666667	150	150	1	0	0	0.000376364320662	0.000198693655447	0	0	0	-1	312275	150	0.00666666666667	150	150	1	0	0	0.000376364320662	0.000198693655447	0	0	0	-1	312275	150
11	[]	0	-1	-1	0	0	0	0	0	0	0	0	-1	-1	0	0	-1	-1	0	0	0	0	0	0	0	0	-1	-1	0
27	[]	0	-1	-1	0	0	0	0	0	0	0	0	-1	-1	0	0	-1	-1	0	0	0	0	0	0	0	0	-1	-1	0
20	[]	0	-1	-1	0	0	0	0	0	0	0	0	-1	-1	0	0	-1	-1	0	0	0	0	0	0	0	0	-1	-1	0
30	[]	0	-1	-1	0	0	0	0	0	0	0	0	-1	-1	0	0	-1	-1	0	0	0	0	0	0	0	0	-1	-1	0
28	[]	0	-1	-1	0	0	0	0	0	0	0	0	-1	-1	0	0	-1	-1	0	0	0	0	0	0	0	0	-1	-1	0
62	[]	0	-1	-1	0	0	0	0	0	0	0	0	-1	-1	0	0	-1	-1	0	0	0	0	0	0	0	0	-1	-1	0
60	[]	0	-1	-1	0	0	0	0	0	0	0	0	-1	-1	0	0	-1	-1	0	0	0	0	0	0	0	0	-1	-1	0
76	[]	0	-1	-1	0	0	0	0	0	0	0	0	-1	-1	0	0	-1	-1	0	0	0	0	0	0	0	0	-1	-1	0
3	[]	0	-1	-1	0	0	0	0	0	0	0	0	-1	-1	0	0	-1	-1	0	0	0	0	0	0	0	0	-1	-1	0
74	[('74_ref_101_rule', 562798, 150), ('Highlighted bars', 562798, 150)]	0.00666666666667	150	150.0	1	0	0	0.0138888888889	0.00368804091267	0	0	0	27073	27073	150	0.00666666666667	150	150.0	1	0	0	0.0138888888889	0.00368804091267	0	0	0	27073	27073	150
5	[]	0	-1	-1	0	0	0	0	0	0	0	0	-1	-1	0	0	-1	-1	0	0	0	0	0	0	0	0	-1	-1	0
72	[]	0	-1	-1	0	0	0	0	0	0	0	0	-1	-1	0	0	-1	-1	0	0	0	0	0	0	0	0	-1	-1	0
66	[]	0	-1	-1	0	0	0	0	0	0	0	0	-1	-1	0	0	-1	-1	0	0	0	0	0	0	0	0	-1	-1	0
9	[]	0	-1	-1	0	0	0	0	0	0	0	0	-1	-1	0	0	-1	-1	0	0	0	0	0	0	0	0	-1	-1	0
msnv4_allsc	[('74_ref_101_rule', 1122489, 191), ('Highlighted bars', 1122489, 191), ('74_ref_101_rule', 1123147, 100), ('Highlighted bars', 1123147, 100), ('74_ref_101_rule', 1123730, 225), ('Highlighted bars', 1123730, 225), ('74_ref_101_rule', 1125504, 133), ('Highlighted bars', 1125504, 133), ('74_ref_101_rule', 1125679, 308), ('Highlighted bars', 1125679, 308), ('74_ref_101_rule', 1131849, 300), ('Highlighted bars', 1131849, 300), ('74_ref_101_rule', 1132224, 200), ('Highlighted bars', 1132224, 200), ('74_ref_101_rule', 1134048, 325), ('Highlighted bars', 1134048, 325), ('74_ref_101_rule', 1134389, 375), ('Highlighted bars', 1134389, 375), ('74_ref_101_rule', 1134781, 258), ('Highlighted bars', 1134781, 258), ('74_ref_101_rule', 1135055, 241), ('Highlighted bars', 1135055, 241)]	0.00414156626506	375	241	11	5	5	0.00383275261324	0.0034333299293	0.5	0.5	83.2183873912	-1	1080422	2656	0.00414156626506	375	241	11	5	5	0.00383275261324	0.0034333299293	0.5	0.5	83.2183873912	-1	1080422	2656
11	[]	0	-1	-1	0	0	0	0	0	0	0	0	-1	-1	0	0	-1	-1	0	0	0	0	0	0	0	0	-1	-1	0
27	[]	0	-1	-1	0	0	0	0	0	0	0	0	-1	-1	0	0	-1	-1	0	0	0	0	0	0	0	0	-1	-1	0
20	[]	0	-1	-1	0	0	0	0	0	0	0	0	-1	-1	0	0	-1	-1	0	0	0	0	0	0	0	0	-1	-1	0
30	[]	0	-1	-1	0	0	0	0	0	0	0	0	-1	-1	0	0	-1	-1	0	0	0	0	0	0	0	0	-1	-1	0
28	[]	0	-1	-1	0	0	0	0	0	0	0	0	-1	-1	0	0	-1	-1	0	0	0	0	0	0	0	0	-1	-1	0
3	[]	0	-1	-1	0	0	0	0	0	0	0	0	-1	-1	0	0	-1	-1	0	0	0	0	0	0	0	0	-1	-1	0
60	[]	0	-1	-1	0	0	0	0	0	0	0	0	-1	-1	0	0	-1	-1	0	0	0	0	0	0	0	0	-1	-1	0
76	[]	0	-1	-1	0	0	0	0	0	0	0	0	-1	-1	0	0	-1	-1	0	0	0	0	0	0	0	0	-1	-1	0
62	[]	0	-1	-1	0	0	0	0	0	0	0	0	-1	-1	0	0	-1	-1	0	0	0	0	0	0	0	0	-1	-1	0
74	[('74_ref_101_rule', 1122489, 191), ('Highlighted bars', 1122489, 191), ('74_ref_101_rule', 1123147, 100), ('Highlighted bars', 1123147, 100), ('74_ref_101_rule', 1123730, 225), ('Highlighted bars', 1123730, 225), ('74_ref_101_rule', 1125504, 133), ('Highlighted bars', 1125504, 133), ('74_ref_101_rule', 1125679, 308), ('Highlighted bars', 1125679, 308), ('74_ref_101_rule', 1131849, 300), ('Highlighted bars', 1131849, 300), ('74_ref_101_rule', 1132224, 200), ('Highlighted bars', 1132224, 200), ('74_ref_101_rule', 1134048, 325), ('Highlighted bars', 1134048, 325), ('74_ref_101_rule', 1134389, 375), ('Highlighted bars', 1134389, 375), ('74_ref_101_rule', 1134781, 258), ('Highlighted bars', 1134781, 258), ('74_ref_101_rule', 1135055, 241), ('Highlighted bars', 1135055, 241)]	0.00414156626506	375	241.454545455	11	5	5	0.142857142857	0.0681829850593	0.5	0.5	83.2170218602	19426	31992	2656	0.00414156626506	375	241.454545455	11	5	5	0.142857142857	0.0681829850593	0.5	0.5	83.2170218602	19426	31992	2656
5	[]	0	-1	-1	0	0	0	0	0	0	0	0	-1	-1	0	0	-1	-1	0	0	0	0	0	0	0	0	-1	-1	0
72	[]	0	-1	-1	0	0	0	0	0	0	0	0	-1	-1	0	0	-1	-1	0	0	0	0	0	0	0	0	-1	-1	0
66	[]	0	-1	-1	0	0	0	0	0	0	0	0	-1	-1	0	0	-1	-1	0	0	0	0	0	0	0	0	-1	-1	0
9	[]	0	-1	-1	0	0	0	0	0	0	0	0	-1	-1	0	0	-1	-1	0	0	0	0	0	0	0	0	-1	-1	0
msnv41_allsc	[]	-1	-1	-1	0	0	0	0.0	0.0	0	0	0	-1	-1	0	-1	-1	-1	0	0	0	0.0	0.0	0	0	0	-1	-1	0
11	[]	0	-1	-1	0	0	0	0	0	0	0	0	-1	-1	0	0	-1	-1	0	0	0	0	0	0	0	0	-1	-1	0
27	[]	0	-1	-1	0	0	0	0	0	0	0	0	-1	-1	0	0	-1	-1	0	0	0	0	0	0	0	0	-1	-1	0
20	[]	0	-1	-1	0	0	0	0	0	0	0	0	-1	-1	0	0	-1	-1	0	0	0	0	0	0	0	0	-1	-1	0
30	[]	0	-1	-1	0	0	0	0	0	0	0	0	-1	-1	0	0	-1	-1	0	0	0	0	0	0	0	0	-1	-1	0
28	[]	0	-1	-1	0	0	0	0	0	0	0	0	-1	-1	0	0	-1	-1	0	0	0	0	0	0	0	0	-1	-1	0
3	[]	0	-1	-1	0	0	0	0	0	0	0	0	-1	-1	0	0	-1	-1	0	0	0	0	0	0	0	0	-1	-1	0
60	[]	0	-1	-1	0	0	0	0	0	0	0	0	-1	-1	0	0	-1	-1	0	0	0	0	0	0	0	0	-1	-1	0
76	[]	0	-1	-1	0	0	0	0	0	0	0	0	-1	-1	0	0	-1	-1	0	0	0	0	0	0	0	0	-1	-1	0
62	[]	0	-1	-1	0	0	0	0	0	0	0	0	-1	-1	0	0	-1	-1	0	0	0	0	0	0	0	0	-1	-1	0
74	[]	0	-1	-1	0	0	0	0	0.0	0	0	0	-1	-1	0	0	-1	-1	0	0	0	0	0.0	0	0	0	-1	-1	0
5	[]	0	-1	-1	0	0	0	0	0	0	0	0	-1	-1	0	0	-1	-1	0	0	0	0	0	0	0	0	-1	-1	0
72	[]	0	-1	-1	0	0	0	0	0	0	0	0	-1	-1	0	0	-1	-1	0	0	0	0	0	0	0	0	-1	-1	0
66	[]	0	-1	-1	0	0	0	0	0	0	0	0	-1	-1	0	0	-1	-1	0	0	0	0	0	0	0	0	-1	-1	0
9	[]	0	-1	-1	0	0	0	0	0	0	0	0	-1	-1	0	0	-1	-1	0	0	0	0	0	0	0	0	-1	-1	0
msnv9_allsc	[('74_ref_101_rule', 474001, 208), ('Highlighted bars', 474001, 208), ('74_ref_101_rule', 474426, 117), ('Highlighted bars', 474426, 117), ('74_ref_101_rule', 489257, 125), ('Highlighted bars', 489257, 125)]	0.00666666666667	208	150	3	0	0	0.000881316098707	0.000451388018156	0	0	50.3884907494	-1	433256	450	0.00666666666667	208	150	3	0	0	0.000881316098707	0.000451388018156	0	0	50.3884907494	-1	433256	450
11	[]	0	-1	-1	0	0	0	0	0	0	0	0	-1	-1	0	0	-1	-1	0	0	0	0	0	0	0	0	-1	-1	0
27	[]	0	-1	-1	0	0	0	0	0	0	0	0	-1	-1	0	0	-1	-1	0	0	0	0	0	0	0	0	-1	-1	0
20	[]	0	-1	-1	0	0	0	0	0	0	0	0	-1	-1	0	0	-1	-1	0	0	0	0	0	0	0	0	-1	-1	0
30	[]	0	-1	-1	0	0	0	0	0	0	0	0	-1	-1	0	0	-1	-1	0	0	0	0	0	0	0	0	-1	-1	0
28	[]	0	-1	-1	0	0	0	0	0	0	0	0	-1	-1	0	0	-1	-1	0	0	0	0	0	0	0	0	-1	-1	0
62	[]	0	-1	-1	0	0	0	0	0	0	0	0	-1	-1	0	0	-1	-1	0	0	0	0	0	0	0	0	-1	-1	0
60	[]	0	-1	-1	0	0	0	0	0	0	0	0	-1	-1	0	0	-1	-1	0	0	0	0	0	0	0	0	-1	-1	0
76	[]	0	-1	-1	0	0	0	0	0	0	0	0	-1	-1	0	0	-1	-1	0	0	0	0	0	0	0	0	-1	-1	0
3	[]	0	-1	-1	0	0	0	0	0	0	0	0	-1	-1	0	0	-1	-1	0	0	0	0	0	0	0	0	-1	-1	0
74	[('74_ref_101_rule', 474001, 208), ('Highlighted bars', 474001, 208), ('74_ref_101_rule', 474426, 117), ('Highlighted bars', 474426, 117), ('74_ref_101_rule', 489257, 125), ('Highlighted bars', 489257, 125)]	0.00666666666667	208	150.0	3	0	0	0.0285714285714	0.00865717583686	0	0	50.3884907494	35941	51197	450	0.00666666666667	208	150.0	3	0	0	0.0285714285714	0.00865717583686	0	0	50.3884907494	35941	51197	450
5	[]	0	-1	-1	0	0	0	0	0	0	0	0	-1	-1	0	0	-1	-1	0	0	0	0	0	0	0	0	-1	-1	0
72	[]	0	-1	-1	0	0	0	0	0	0	0	0	-1	-1	0	0	-1	-1	0	0	0	0	0	0	0	0	-1	-1	0
66	[]	0	-1	-1	0	0	0	0	0	0	0	0	-1	-1	0	0	-1	-1	0	0	0	0	0	0	0	0	-1	-1	0
9	[]	0	-1	-1	0	0	0	0	0	0	0	0	-1	-1	0	0	-1	-1	0	0	0	0	0	0	0	0	-1	-1	0
msnv42_allsc	[]	-1	-1	-1	0	0	0	0.0	0.0	0	0	0	-1	-1	0	-1	-1	-1	0	0	0	0.0	0.0	0	0	0	-1	-1	0
11	[]	0	-1	-1	0	0	0	0	0	0	0	0	-1	-1	0	0	-1	-1	0	0	0	0	0	0	0	0	-1	-1	0
27	[]	0	-1	-1	0	0	0	0	0	0	0	0	-1	-1	0	0	-1	-1	0	0	0	0	0	0	0	0	-1	-1	0
20	[]	0	-1	-1	0	0	0	0	0	0	0	0	-1	-1	0	0	-1	-1	0	0	0	0	0	0	0	0	-1	-1	0
30	[]	0	-1	-1	0	0	0	0	0	0	0	0	-1	-1	0	0	-1	-1	0	0	0	0	0	0	0	0	-1	-1	0
28	[]	0	-1	-1	0	0	0	0	0	0	0	0	-1	-1	0	0	-1	-1	0	0	0	0	0	0	0	0	-1	-1	0
3	[]	0	-1	-1	0	0	0	0	0	0	0	0	-1	-1	0	0	-1	-1	0	0	0	0	0	0	0	0	-1	-1	0
60	[]	0	-1	-1	0	0	0	0	0	0	0	0	-1	-1	0	0	-1	-1	0	0	0	0	0	0	0	0	-1	-1	0
76	[]	0	-1	-1	0	0	0	0	0	0	0	0	-1	-1	0	0	-1	-1	0	0	0	0	0	0	0	0	-1	-1	0
62	[]	0	-1	-1	0	0	0	0	0	0	0	0	-1	-1	0	0	-1	-1	0	0	0	0	0	0	0	0	-1	-1	0
74	[]	0	-1	-1	0	0	0	0	0.0	0	0	0	-1	-1	0	0	-1	-1	0	0	0	0	0.0	0	0	0	-1	-1	0
5	[]	0	-1	-1	0	0	0	0	0	0	0	0	-1	-1	0	0	-1	-1	0	0	0	0	0	0	0	0	-1	-1	0
72	[]	0	-1	-1	0	0	0	0	0	0	0	0	-1	-1	0	0	-1	-1	0	0	0	0	0	0	0	0	-1	-1	0
66	[]	0	-1	-1	0	0	0	0	0	0	0	0	-1	-1	0	0	-1	-1	0	0	0	0	0	0	0	0	-1	-1	0
9	[]	0	-1	-1	0	0	0	0	0	0	0	0	-1	-1	0	0	-1	-1	0	0	0	0	0	0	0	0	-1	-1	0
msnv43_allsc	[('74_ref_101_rule', 460479, 216), ('Highlighted bars', 460479, 216), ('74_ref_101_rule', 460737, 208), ('Highlighted bars', 460737, 208)]	0.00471698113208	216	212	2	1	1	0.00056258790436	0.000409786949445	0.5	0.5	5.65685424949	-1	389481	424	0.00471698113208	216	212	2	1	1	0.00056258790436	0.000409786949445	0.5	0.5	5.65685424949	-1	389481	424
11	[]	0	-1	-1	0	0	0	0	0	0	0	0	-1	-1	0	0	-1	-1	0	0	0	0	0	0	0	0	-1	-1	0
27	[]	0	-1	-1	0	0	0	0	0	0	0	0	-1	-1	0	0	-1	-1	0	0	0	0	0	0	0	0	-1	-1	0
20	[]	0	-1	-1	0	0	0	0	0	0	0	0	-1	-1	0	0	-1	-1	0	0	0	0	0	0	0	0	-1	-1	0
30	[]	0	-1	-1	0	0	0	0	0	0	0	0	-1	-1	0	0	-1	-1	0	0	0	0	0	0	0	0	-1	-1	0
28	[]	0	-1	-1	0	0	0	0	0	0	0	0	-1	-1	0	0	-1	-1	0	0	0	0	0	0	0	0	-1	-1	0
3	[]	0	-1	-1	0	0	0	0	0	0	0	0	-1	-1	0	0	-1	-1	0	0	0	0	0	0	0	0	-1	-1	0
60	[]	0	-1	-1	0	0	0	0	0	0	0	0	-1	-1	0	0	-1	-1	0	0	0	0	0	0	0	0	-1	-1	0
76	[]	0	-1	-1	0	0	0	0	0	0	0	0	-1	-1	0	0	-1	-1	0	0	0	0	0	0	0	0	-1	-1	0
62	[]	0	-1	-1	0	0	0	0	0	0	0	0	-1	-1	0	0	-1	-1	0	0	0	0	0	0	0	0	-1	-1	0
74	[('74_ref_101_rule', 460479, 216), ('Highlighted bars', 460479, 216), ('74_ref_101_rule', 460737, 208), ('Highlighted bars', 460737, 208)]	0.00471698113208	216	212.0	2	1	1	0.0215053763441	0.00798779224205	0.5	0.5	5.65685424949	44012	44270	424	0.00471698113208	216	212.0	2	1	1	0.0215053763441	0.00798779224205	0.5	0.5	5.65685424949	44012	44270	424
5	[]	0	-1	-1	0	0	0	0	0	0	0	0	-1	-1	0	0	-1	-1	0	0	0	0	0	0	0	0	-1	-1	0
66	[]	0	-1	-1	0	0	0	0	0	0	0	0	-1	-1	0	0	-1	-1	0	0	0	0	0	0	0	0	-1	-1	0
9	[]	0	-1	-1	0	0	0	0	0	0	0	0	-1	-1	0	0	-1	-1	0	0	0	0	0	0	0	0	-1	-1	0
msnv44_allsc	[('74_ref_101_rule', 1133722, 325), ('Highlighted bars', 1133722, 325), ('74_ref_101_rule', 1136128, 133), ('Highlighted bars', 1136128, 133), ('74_ref_101_rule', 1136286, 333), ('Highlighted bars', 1136286, 333)]	0.00379266750948	333	263	3	1	1	0.00082667401488	0.00074977511486	0.5	0.5	113.234270431	-1	1035369	791	0.00379266750948	333	263	3	1	1	0.00082667401488	0.00074977511486	0.5	0.5	113.234270431	-1	1035369	791
11	[]	0	-1	-1	0	0	0	0	0	0	0	0	-1	-1	0	0	-1	-1	0	0	0	0	0	0	0	0	-1	-1	0
27	[]	0	-1	-1	0	0	0	0	0	0	0	0	-1	-1	0	0	-1	-1	0	0	0	0	0	0	0	0	-1	-1	0
20	[]	0	-1	-1	0	0	0	0	0	0	0	0	-1	-1	0	0	-1	-1	0	0	0	0	0	0	0	0	-1	-1	0
30	[]	0	-1	-1	0	0	0	0	0	0	0	0	-1	-1	0	0	-1	-1	0	0	0	0	0	0	0	0	-1	-1	0
28	[]	0	-1	-1	0	0	0	0	0	0	0	0	-1	-1	0	0	-1	-1	0	0	0	0	0	0	0	0	-1	-1	0
62	[]	0	-1	-1	0	0	0	0	0	0	0	0	-1	-1	0	0	-1	-1	0	0	0	0	0	0	0	0	-1	-1	0
60	[]	0	-1	-1	0	0	0	0	0	0	0	0	-1	-1	0	0	-1	-1	0	0	0	0	0	0	0	0	-1	-1	0
76	[]	0	-1	-1	0	0	0	0	0	0	0	0	-1	-1	0	0	-1	-1	0	0	0	0	0	0	0	0	-1	-1	0
3	[]	0	-1	-1	0	0	0	0	0	0	0	0	-1	-1	0	0	-1	-1	0	0	0	0	0	0	0	0	-1	-1	0
74	[('74_ref_101_rule', 1133722, 325), ('Highlighted bars', 1133722, 325), ('74_ref_101_rule', 1136128, 133), ('Highlighted bars', 1136128, 133), ('74_ref_101_rule', 1136286, 333), ('Highlighted bars', 1136286, 333)]	0.00379266750948	333	263.666666667	3	1	1	0.0545454545455	0.023835352257	0.5	0.5	113.231326643	24292	26856	791	0.00379266750948	333	263.666666667	3	1	1	0.0545454545455	0.023835352257	0.5	0.5	113.231326643	24292	26856	791
5	[]	0	-1	-1	0	0	0	0	0	0	0	0	-1	-1	0	0	-1	-1	0	0	0	0	0	0	0	0	-1	-1	0
72	[]	0	-1	-1	0	0	0	0	0	0	0	0	-1	-1	0	0	-1	-1	0	0	0	0	0	0	0	0	-1	-1	0
66	[]	0	-1	-1	0	0	0	0	0	0	0	0	-1	-1	0	0	-1	-1	0	0	0	0	0	0	0	0	-1	-1	0
9	[]	0	-1	-1	0	0	0	0	0	0	0	0	-1	-1	0	0	-1	-1	0	0	0	0	0	0	0	0	-1	-1	0
msnv46_allsc	[('74_ref_101_rule', 1001195, 266), ('Highlighted bars', 1001195, 266), ('74_ref_101_rule', 1002768, 217), ('Highlighted bars', 1002768, 217), ('74_ref_101_rule', 1003185, 483), ('Highlighted bars', 1003185, 483), ('74_ref_101_rule', 1003693, 425), ('Highlighted bars', 1003693, 425)]	0.00287562904385	483	347	4	1	1	0.00111794298491	0.00143007096894	0.5	0.5	126.545117119	-1	919553	1391	0.00287562904385	483	347	4	1	1	0.00111794298491	0.00143007096894	0.5	0.5	126.545117119	-1	919553	1391
11	[]	0	-1	-1	0	0	0	0	0	0	0	0	-1	-1	0	0	-1	-1	0	0	0	0	0	0	0	0	-1	-1	0
27	[]	0	-1	-1	0	0	0	0	0	0	0	0	-1	-1	0	0	-1	-1	0	0	0	0	0	0	0	0	-1	-1	0
20	[]	0	-1	-1	0	0	0	0	0	0	0	0	-1	-1	0	0	-1	-1	0	0	0	0	0	0	0	0	-1	-1	0
30	[]	0	-1	-1	0	0	0	0	0	0	0	0	-1	-1	0	0	-1	-1	0	0	0	0	0	0	0	0	-1	-1	0
28	[]	0	-1	-1	0	0	0	0	0	0	0	0	-1	-1	0	0	-1	-1	0	0	0	0	0	0	0	0	-1	-1	0
62	[]	0	-1	-1	0	0	0	0	0	0	0	0	-1	-1	0	0	-1	-1	0	0	0	0	0	0	0	0	-1	-1	0
60	[]	0	-1	-1	0	0	0	0	0	0	0	0	-1	-1	0	0	-1	-1	0	0	0	0	0	0	0	0	-1	-1	0
76	[]	0	-1	-1	0	0	0	0	0	0	0	0	-1	-1	0	0	-1	-1	0	0	0	0	0	0	0	0	-1	-1	0
3	[]	0	-1	-1	0	0	0	0	0	0	0	0	-1	-1	0	0	-1	-1	0	0	0	0	0	0	0	0	-1	-1	0
74	[('74_ref_101_rule', 1001195, 266), ('Highlighted bars', 1001195, 266), ('74_ref_101_rule', 1002768, 217), ('Highlighted bars', 1002768, 217), ('74_ref_101_rule', 1003185, 483), ('Highlighted bars', 1003185, 483), ('74_ref_101_rule', 1003693, 425), ('Highlighted bars', 1003693, 425)]	0.00287562904385	483	347.75	4	1	1	0.0408163265306	0.0296949384113	0.5	0.5	126.542153714	28906	31404	1391	0.00287562904385	483	347.75	4	1	1	0.0408163265306	0.0296949384113	0.5	0.5	126.542153714	28906	31404	1391
5	[]	0	-1	-1	0	0	0	0	0	0	0	0	-1	-1	0	0	-1	-1	0	0	0	0	0	0	0	0	-1	-1	0
72	[]	0	-1	-1	0	0	0	0	0	0	0	0	-1	-1	0	0	-1	-1	0	0	0	0	0	0	0	0	-1	-1	0
66	[]	0	-1	-1	0	0	0	0	0	0	0	0	-1	-1	0	0	-1	-1	0	0	0	0	0	0	0	0	-1	-1	0
9	[]	0	-1	-1	0	0	0	0	0	0	0	0	-1	-1	0	0	-1	-1	0	0	0	0	0	0	0	0	-1	-1	0
msnv49_allsc	[('74_ref_101_rule', 994903, 167), ('Highlighted bars', 994903, 167)]	0.0059880239521	167	167	1	0	0	0.000376647834275	0.000219342890729	0	0	0	-1	935460	167	0.0059880239521	167	167	1	0	0	0.000376647834275	0.000219342890729	0	0	0	-1	935460	167
11	[]	0	-1	-1	0	0	0	0	0	0	0	0	-1	-1	0	0	-1	-1	0	0	0	0	0	0	0	0	-1	-1	0
27	[]	0	-1	-1	0	0	0	0	0	0	0	0	-1	-1	0	0	-1	-1	0	0	0	0	0	0	0	0	-1	-1	0
20	[]	0	-1	-1	0	0	0	0	0	0	0	0	-1	-1	0	0	-1	-1	0	0	0	0	0	0	0	0	-1	-1	0
30	[]	0	-1	-1	0	0	0	0	0	0	0	0	-1	-1	0	0	-1	-1	0	0	0	0	0	0	0	0	-1	-1	0
28	[]	0	-1	-1	0	0	0	0	0	0	0	0	-1	-1	0	0	-1	-1	0	0	0	0	0	0	0	0	-1	-1	0
62	[]	0	-1	-1	0	0	0	0	0	0	0	0	-1	-1	0	0	-1	-1	0	0	0	0	0	0	0	0	-1	-1	0
60	[]	0	-1	-1	0	0	0	0	0	0	0	0	-1	-1	0	0	-1	-1	0	0	0	0	0	0	0	0	-1	-1	0
76	[]	0	-1	-1	0	0	0	0	0	0	0	0	-1	-1	0	0	-1	-1	0	0	0	0	0	0	0	0	-1	-1	0
3	[]	0	-1	-1	0	0	0	0	0	0	0	0	-1	-1	0	0	-1	-1	0	0	0	0	0	0	0	0	-1	-1	0
74	[('74_ref_101_rule', 994903, 167), ('Highlighted bars', 994903, 167)]	0.0059880239521	167	167.0	1	0	0	0.0666666666667	0.00353259719931	0	0	0	43270	43270	167	0.0059880239521	167	167.0	1	0	0	0.0666666666667	0.00353259719931	0	0	0	43270	43270	167
5	[]	0	-1	-1	0	0	0	0	0	0	0	0	-1	-1	0	0	-1	-1	0	0	0	0	0	0	0	0	-1	-1	0
72	[]	0	-1	-1	0	0	0	0	0	0	0	0	-1	-1	0	0	-1	-1	0	0	0	0	0	0	0	0	-1	-1	0
66	[]	0	-1	-1	0	0	0	0	0	0	0	0	-1	-1	0	0	-1	-1	0	0	0	0	0	0	0	0	-1	-1	0
9	[]	0	-1	-1	0	0	0	0	0	0	0	0	-1	-1	0	0	-1	-1	0	0	0	0	0	0	0	0	-1	-1	0
msnv5_allsc	[('74_ref_101_rule', 614062, 108), ('Highlighted bars', 614062, 108), ('74_ref_101_rule', 616727, 100), ('Highlighted bars', 616727, 100)]	0.00961538461538	108	104	2	0	0	0.000659848234906	0.000271359799611	0	0	5.65685424949	-1	565372	208	0.00961538461538	108	104	2	0	0	0.000659848234906	0.000271359799611	0	0	5.65685424949	-1	565372	208
11	[]	0	-1	-1	0	0	0	0	0	0	0	0	-1	-1	0	0	-1	-1	0	0	0	0	0	0	0	0	-1	-1	0
27	[]	0	-1	-1	0	0	0	0	0	0	0	0	-1	-1	0	0	-1	-1	0	0	0	0	0	0	0	0	-1	-1	0
20	[]	0	-1	-1	0	0	0	0	0	0	0	0	-1	-1	0	0	-1	-1	0	0	0	0	0	0	0	0	-1	-1	0
30	[]	0	-1	-1	0	0	0	0	0	0	0	0	-1	-1	0	0	-1	-1	0	0	0	0	0	0	0	0	-1	-1	0
28	[]	0	-1	-1	0	0	0	0	0	0	0	0	-1	-1	0	0	-1	-1	0	0	0	0	0	0	0	0	-1	-1	0
62	[]	0	-1	-1	0	0	0	0	0	0	0	0	-1	-1	0	0	-1	-1	0	0	0	0	0	0	0	0	-1	-1	0
60	[]	0	-1	-1	0	0	0	0	0	0	0	0	-1	-1	0	0	-1	-1	0	0	0	0	0	0	0	0	-1	-1	0
76	[]	0	-1	-1	0	0	0	0	0	0	0	0	-1	-1	0	0	-1	-1	0	0	0	0	0	0	0	0	-1	-1	0
3	[]	0	-1	-1	0	0	0	0	0	0	0	0	-1	-1	0	0	-1	-1	0	0	0	0	0	0	0	0	-1	-1	0
74	[('74_ref_101_rule', 614062, 108), ('Highlighted bars', 614062, 108), ('74_ref_101_rule', 616727, 100), ('Highlighted bars', 616727, 100)]	0.00961538461538	108	104.0	2	0	0	0.0147058823529	0.00466524615902	0	0	5.65685424949	24433	27098	208	0.00961538461538	108	104.0	2	0	0	0.0147058823529	0.00466524615902	0	0	5.65685424949	24433	27098	208
5	[]	0	-1	-1	0	0	0	0	0	0	0	0	-1	-1	0	0	-1	-1	0	0	0	0	0	0	0	0	-1	-1	0
72	[]	0	-1	-1	0	0	0	0	0	0	0	0	-1	-1	0	0	-1	-1	0	0	0	0	0	0	0	0	-1	-1	0
66	[]	0	-1	-1	0	0	0	0	0	0	0	0	-1	-1	0	0	-1	-1	0	0	0	0	0	0	0	0	-1	-1	0
9	[]	0	-1	-1	0	0	0	0	0	0	0	0	-1	-1	0	0	-1	-1	0	0	0	0	0	0	0	0	-1	-1	0
msnv50_allsc	[]	0	-1	-1	0	0	0	0	0	0	-1	-1	0
11	[]	0	-1	-1	0	0	0	0	0	0	-1	-1	0
27	[]	0	-1	-1	0	0	0	0	0	0	-1	-1	0
20	[]	0	-1	-1	0	0	0	0	0	0	-1	-1	0
30	[]	0	-1	-1	0	0	0	0	0	0	-1	-1	0
28	[]	0	-1	-1	0	0	0	0	0	0	-1	-1	0
62	[]	0	-1	-1	0	0	0	0	0	0	-1	-1	0
60	[]	0	-1	-1	0	0	0	0	0	0	-1	-1	0
3	[]	0	-1	-1	0	0	0	0	0	0	-1	-1	0
74	[]	0	-1	-1	0	0	0	0	0	0	-1	-1	0
5	[]	0	-1	-1	0	0	0	0	0	0	-1	-1	0
72	[]	0	-1	-1	0	0	0	0	0	0	-1	-1	0
66	[]	0	-1	-1	0	0	0	0	0	0	-1	-1	0
9	[]	0	-1	-1	0	0	0	0	0	0	-1	-1	0
msnv51_allsc	[('74_ref_101_rule', 369417, 92), ('Highlighted bars', 369417, 92), ('74_ref_101_rule', 369551, 175), ('Highlighted bars', 369551, 175), ('74_ref_101_rule', 374297, 450), ('Highlighted bars', 374297, 450), ('74_ref_101_rule', 374764, 117), ('Highlighted bars', 374764, 117), ('74_ref_101_rule', 374972, 200), ('Highlighted bars', 374972, 200), ('74_ref_101_rule', 375197, 308), ('Highlighted bars', 375197, 308)]	0.00447093889717	450	223	6	4	4	0.00158646218932	0.00139447116084	0.5	0.5	134.152152424	-1	323267	1342	0.00447093889717	450	223	6	4	4	0.00158646218932	0.00139447116084	0.5	0.5	134.152152424	-1	323267	1342
11	[]	0	-1	-1	0	0	0	0	0	0	0	0	-1	-1	0	0	-1	-1	0	0	0	0	0	0	0	0	-1	-1	0
27	[]	0	-1	-1	0	0	0	0	0	0	0	0	-1	-1	0	0	-1	-1	0	0	0	0	0	0	0	0	-1	-1	0
20	[]	0	-1	-1	0	0	0	0	0	0	0	0	-1	-1	0	0	-1	-1	0	0	0	0	0	0	0	0	-1	-1	0
30	[]	0	-1	-1	0	0	0	0	0	0	0	0	-1	-1	0	0	-1	-1	0	0	0	0	0	0	0	0	-1	-1	0
28	[]	0	-1	-1	0	0	0	0	0	0	0	0	-1	-1	0	0	-1	-1	0	0	0	0	0	0	0	0	-1	-1	0
62	[]	0	-1	-1	0	0	0	0	0	0	0	0	-1	-1	0	0	-1	-1	0	0	0	0	0	0	0	0	-1	-1	0
60	[]	0	-1	-1	0	0	0	0	0	0	0	0	-1	-1	0	0	-1	-1	0	0	0	0	0	0	0	0	-1	-1	0
76	[]	0	-1	-1	0	0	0	0	0	0	0	0	-1	-1	0	0	-1	-1	0	0	0	0	0	0	0	0	-1	-1	0
3	[]	0	-1	-1	0	0	0	0	0	0	0	0	-1	-1	0	0	-1	-1	0	0	0	0	0	0	0	0	-1	-1	0
74	[('74_ref_101_rule', 369417, 92), ('Highlighted bars', 369417, 92), ('74_ref_101_rule', 369551, 175), ('Highlighted bars', 369551, 175), ('74_ref_101_rule', 374297, 450), ('Highlighted bars', 374297, 450), ('74_ref_101_rule', 374764, 117), ('Highlighted bars', 374764, 117), ('74_ref_101_rule', 374972, 200), ('Highlighted bars', 374972, 200), ('74_ref_101_rule', 375197, 308), ('Highlighted bars', 375197, 308)]	0.00447093889717	450	223.666666667	6	4	4	0.0545454545455	0.0281631025582	0.5	0.5	134.150164617	29679	35459	1342	0.00447093889717	450	223.666666667	6	4	4	0.0545454545455	0.0281631025582	0.5	0.5	134.150164617	29679	35459	1342
5	[]	0	-1	-1	0	0	0	0	0	0	0	0	-1	-1	0	0	-1	-1	0	0	0	0	0	0	0	0	-1	-1	0
72	[]	0	-1	-1	0	0	0	0	0	0	0	0	-1	-1	0	0	-1	-1	0	0	0	0	0	0	0	0	-1	-1	0
66	[]	0	-1	-1	0	0	0	0	0	0	0	0	-1	-1	0	0	-1	-1	0	0	0	0	0	0	0	0	-1	-1	0
9	[]	0	-1	-1	0	0	0	0	0	0	0	0	-1	-1	0	0	-1	-1	0	0	0	0	0	0	0	0	-1	-1	0
msnv54_allsc	[('74_ref_101_rule', 80061, 133), ('Highlighted bars', 80061, 133), ('74_ref_101_rule', 82842, 150), ('Highlighted bars', 82842, 150), ('74_ref_101_rule', 84258, 383), ('Highlighted bars', 84258, 383), ('74_ref_101_rule', 88472, 192), ('Highlighted bars', 88472, 192), ('74_ref_101_rule', 88688, 208), ('Highlighted bars', 88688, 208)]	0.0046904315197	383	213.2	5	1	1	0.0438596491228	0.0226278921673	0.5	0.5	99.6679487097	36167	44794	1066	0.0046904315197	383	213.2	5	1	1	0.0438596491228	0.0226278921673	0.5	0.5	99.6679487097	36167	44794	1066
11	[]	0	-1	-1	0	0	0	0	0	0	0	0	-1	-1	0	0	-1	-1	0	0	0	0	0	0	0	0	-1	-1	0
27	[]	0	-1	-1	0	0	0	0	0	0	0	0	-1	-1	0	0	-1	-1	0	0	0	0	0	0	0	0	-1	-1	0
20	[]	0	-1	-1	0	0	0	0	0	0	0	0	-1	-1	0	0	-1	-1	0	0	0	0	0	0	0	0	-1	-1	0
30	[]	0	-1	-1	0	0	0	0	0	0	0	0	-1	-1	0	0	-1	-1	0	0	0	0	0	0	0	0	-1	-1	0
28	[]	0	-1	-1	0	0	0	0	0	0	0	0	-1	-1	0	0	-1	-1	0	0	0	0	0	0	0	0	-1	-1	0
62	[]	0	-1	-1	0	0	0	0	0	0	0	0	-1	-1	0	0	-1	-1	0	0	0	0	0	0	0	0	-1	-1	0
60	[]	0	-1	-1	0	0	0	0	0	0	0	0	-1	-1	0	0	-1	-1	0	0	0	0	0	0	0	0	-1	-1	0
76	[]	0	-1	-1	0	0	0	0	0	0	0	0	-1	-1	0	0	-1	-1	0	0	0	0	0	0	0	0	-1	-1	0
3	[]	0	-1	-1	0	0	0	0	0	0	0	0	-1	-1	0	0	-1	-1	0	0	0	0	0	0	0	0	-1	-1	0
74	[('74_ref_101_rule', 80061, 133), ('Highlighted bars', 80061, 133), ('74_ref_101_rule', 82842, 150), ('Highlighted bars', 82842, 150), ('74_ref_101_rule', 84258, 383), ('Highlighted bars', 84258, 383), ('74_ref_101_rule', 88472, 192), ('Highlighted bars', 88472, 192), ('74_ref_101_rule', 88688, 208), ('Highlighted bars', 88688, 208)]	0.0046904315197	383	213.2	5	1	1	0.0438596491228	0.0226278921673	0.5	0.5	99.6679487097	36167	44794	1066	0.0046904315197	383	213.2	5	1	1	0.0438596491228	0.0226278921673	0.5	0.5	99.6679487097	36167	44794	1066
5	[]	0	-1	-1	0	0	0	0	0	0	0	0	-1	-1	0	0	-1	-1	0	0	0	0	0	0	0	0	-1	-1	0
72	[]	0	-1	-1	0	0	0	0	0	0	0	0	-1	-1	0	0	-1	-1	0	0	0	0	0	0	0	0	-1	-1	0
66	[]	0	-1	-1	0	0	0	0	0	0	0	0	-1	-1	0	0	-1	-1	0	0	0	0	0	0	0	0	-1	-1	0
9	[]	0	-1	-1	0	0	0	0	0	0	0	0	-1	-1	0	0	-1	-1	0	0	0	0	0	0	0	0	-1	-1	0
msnv56_allsc	[]	-1	-1	-1	0	0	0	0.0	0.0	0	0	0	-1	-1	0	-1	-1	-1	0	0	0	0.0	0.0	0	0	0	-1	-1	0
11	[]	0	-1	-1	0	0	0	0	0	0	0	0	-1	-1	0	0	-1	-1	0	0	0	0	0	0	0	0	-1	-1	0
27	[]	0	-1	-1	0	0	0	0	0	0	0	0	-1	-1	0	0	-1	-1	0	0	0	0	0	0	0	0	-1	-1	0
20	[]	0	-1	-1	0	0	0	0	0	0	0	0	-1	-1	0	0	-1	-1	0	0	0	0	0	0	0	0	-1	-1	0
30	[]	0	-1	-1	0	0	0	0	0	0	0	0	-1	-1	0	0	-1	-1	0	0	0	0	0	0	0	0	-1	-1	0
28	[]	0	-1	-1	0	0	0	0	0	0	0	0	-1	-1	0	0	-1	-1	0	0	0	0	0	0	0	0	-1	-1	0
3	[]	0	-1	-1	0	0	0	0	0	0	0	0	-1	-1	0	0	-1	-1	0	0	0	0	0	0	0	0	-1	-1	0
60	[]	0	-1	-1	0	0	0	0	0	0	0	0	-1	-1	0	0	-1	-1	0	0	0	0	0	0	0	0	-1	-1	0
76	[]	0	-1	-1	0	0	0	0	0	0	0	0	-1	-1	0	0	-1	-1	0	0	0	0	0	0	0	0	-1	-1	0
62	[]	0	-1	-1	0	0	0	0	0	0	0	0	-1	-1	0	0	-1	-1	0	0	0	0	0	0	0	0	-1	-1	0
74	[]	0	-1	-1	0	0	0	0	0.0	0	0	0	-1	-1	0	0	-1	-1	0	0	0	0	0.0	0	0	0	-1	-1	0
5	[]	0	-1	-1	0	0	0	0	0	0	0	0	-1	-1	0	0	-1	-1	0	0	0	0	0	0	0	0	-1	-1	0
72	[]	0	-1	-1	0	0	0	0	0	0	0	0	-1	-1	0	0	-1	-1	0	0	0	0	0	0	0	0	-1	-1	0
66	[]	0	-1	-1	0	0	0	0	0	0	0	0	-1	-1	0	0	-1	-1	0	0	0	0	0	0	0	0	-1	-1	0
9	[]	0	-1	-1	0	0	0	0	0	0	0	0	-1	-1	0	0	-1	-1	0	0	0	0	0	0	0	0	-1	-1	0
msnv6_allsc	[]	-1	-1	-1	0	0	0	0.0	0.0	0	0	0	-1	-1	0	-1	-1	-1	0	0	0	0.0	0.0	0	0	0	-1	-1	0
11	[]	0	-1	-1	0	0	0	0	0	0	0	0	-1	-1	0	0	-1	-1	0	0	0	0	0	0	0	0	-1	-1	0
27	[]	0	-1	-1	0	0	0	0	0	0	0	0	-1	-1	0	0	-1	-1	0	0	0	0	0	0	0	0	-1	-1	0
20	[]	0	-1	-1	0	0	0	0	0	0	0	0	-1	-1	0	0	-1	-1	0	0	0	0	0	0	0	0	-1	-1	0
30	[]	0	-1	-1	0	0	0	0	0	0	0	0	-1	-1	0	0	-1	-1	0	0	0	0	0	0	0	0	-1	-1	0
28	[]	0	-1	-1	0	0	0	0	0	0	0	0	-1	-1	0	0	-1	-1	0	0	0	0	0	0	0	0	-1	-1	0
62	[]	0	-1	-1	0	0	0	0	0	0	0	0	-1	-1	0	0	-1	-1	0	0	0	0	0	0	0	0	-1	-1	0
60	[]	0	-1	-1	0	0	0	0	0	0	0	0	-1	-1	0	0	-1	-1	0	0	0	0	0	0	0	0	-1	-1	0
76	[]	0	-1	-1	0	0	0	0	0	0	0	0	-1	-1	0	0	-1	-1	0	0	0	0	0	0	0	0	-1	-1	0
3	[]	0	-1	-1	0	0	0	0	0	0	0	0	-1	-1	0	0	-1	-1	0	0	0	0	0	0	0	0	-1	-1	0
74	[]	0	-1	-1	0	0	0	0	0.0	0	0	0	-1	-1	0	0	-1	-1	0	0	0	0	0.0	0	0	0	-1	-1	0
5	[]	0	-1	-1	0	0	0	0	0	0	0	0	-1	-1	0	0	-1	-1	0	0	0	0	0	0	0	0	-1	-1	0
72	[]	0	-1	-1	0	0	0	0	0	0	0	0	-1	-1	0	0	-1	-1	0	0	0	0	0	0	0	0	-1	-1	0
66	[]	0	-1	-1	0	0	0	0	0	0	0	0	-1	-1	0	0	-1	-1	0	0	0	0	0	0	0	0	-1	-1	0
9	[]	0	-1	-1	0	0	0	0	0	0	0	0	-1	-1	0	0	-1	-1	0	0	0	0	0	0	0	0	-1	-1	0
msnv10_allsc	[('74_ref_101_rule', 618755, 150), ('Highlighted bars', 618755, 150), ('74_ref_101_rule', 618913, 150), ('Highlighted bars', 618913, 150), ('74_ref_101_rule', 622344, 500), ('Highlighted bars', 622344, 500), ('74_ref_101_rule', 622877, 266), ('Highlighted bars', 622877, 266), ('74_ref_101_rule', 643537, 133), ('Highlighted bars', 643537, 133)]	0.00417014178482	500	239	5	2	2	0.00123122383649	0.00100609784239	0.5	0.5	154.861228201	-1	596301	1199	0.00417014178482	500	239	5	2	2	0.00123122383649	0.00100609784239	0.5	0.5	154.861228201	-1	596301	1199
11	[]	0	-1	-1	0	0	0	0	0	0	0	0	-1	-1	0	0	-1	-1	0	0	0	0	0	0	0	0	-1	-1	0
27	[]	0	-1	-1	0	0	0	0	0	0	0	0	-1	-1	0	0	-1	-1	0	0	0	0	0	0	0	0	-1	-1	0
20	[]	0	-1	-1	0	0	0	0	0	0	0	0	-1	-1	0	0	-1	-1	0	0	0	0	0	0	0	0	-1	-1	0
30	[]	0	-1	-1	0	0	0	0	0	0	0	0	-1	-1	0	0	-1	-1	0	0	0	0	0	0	0	0	-1	-1	0
28	[]	0	-1	-1	0	0	0	0	0	0	0	0	-1	-1	0	0	-1	-1	0	0	0	0	0	0	0	0	-1	-1	0
62	[]	0	-1	-1	0	0	0	0	0	0	0	0	-1	-1	0	0	-1	-1	0	0	0	0	0	0	0	0	-1	-1	0
60	[]	0	-1	-1	0	0	0	0	0	0	0	0	-1	-1	0	0	-1	-1	0	0	0	0	0	0	0	0	-1	-1	0
76	[]	0	-1	-1	0	0	0	0	0	0	0	0	-1	-1	0	0	-1	-1	0	0	0	0	0	0	0	0	-1	-1	0
3	[]	0	-1	-1	0	0	0	0	0	0	0	0	-1	-1	0	0	-1	-1	0	0	0	0	0	0	0	0	-1	-1	0
74	[('74_ref_101_rule', 618755, 150), ('Highlighted bars', 618755, 150), ('74_ref_101_rule', 618913, 150), ('Highlighted bars', 618913, 150), ('74_ref_101_rule', 622344, 500), ('Highlighted bars', 622344, 500), ('74_ref_101_rule', 622877, 266), ('Highlighted bars', 622877, 266), ('74_ref_101_rule', 643537, 133), ('Highlighted bars', 643537, 133)]	0.00417014178482	500	239.8	5	2	2	0.0359712230216	0.0169630604247	0.5	0.5	154.858645222	51672	76454	1199	0.00417014178482	500	239.8	5	2	2	0.0359712230216	0.0169630604247	0.5	0.5	154.858645222	51672	76454	1199
5	[]	0	-1	-1	0	0	0	0	0	0	0	0	-1	-1	0	0	-1	-1	0	0	0	0	0	0	0	0	-1	-1	0
72	[]	0	-1	-1	0	0	0	0	0	0	0	0	-1	-1	0	0	-1	-1	0	0	0	0	0	0	0	0	-1	-1	0
66	[]	0	-1	-1	0	0	0	0	0	0	0	0	-1	-1	0	0	-1	-1	0	0	0	0	0	0	0	0	-1	-1	0
9	[]	0	-1	-1	0	0	0	0	0	0	0	0	-1	-1	0	0	-1	-1	0	0	0	0	0	0	0	0	-1	-1	0
msnv12_allsc	[('74_ref_101_rule', 744382, 167), ('Highlighted bars', 744382, 167), ('74_ref_101_rule', 744581, 308), ('Highlighted bars', 744581, 308), ('74_ref_101_rule', 751385, 158), ('Highlighted bars', 751385, 158), ('74_ref_101_rule', 751568, 175), ('Highlighted bars', 751568, 175)]	0.0049504950495	308	202	4	2	2	0.00128164049984	0.000752955911077	0.5	0.5	71.0070419043	-1	570619	808	0.0049504950495	308	202	4	2	2	0.00128164049984	0.000752955911077	0.5	0.5	71.0070419043	-1	570619	808
11	[]	0	-1	-1	0	0	0	0	0	0	0	0	-1	-1	0	0	-1	-1	0	0	0	0	0	0	0	0	-1	-1	0
27	[]	0	-1	-1	0	0	0	0	0	0	0	0	-1	-1	0	0	-1	-1	0	0	0	0	0	0	0	0	-1	-1	0
30	[]	0	-1	-1	0	0	0	0	0	0	0	0	-1	-1	0	0	-1	-1	0	0	0	0	0	0	0	0	-1	-1	0
28	[]	0	-1	-1	0	0	0	0	0	0	0	0	-1	-1	0	0	-1	-1	0	0	0	0	0	0	0	0	-1	-1	0
3	[]	0	-1	-1	0	0	0	0	0	0	0	0	-1	-1	0	0	-1	-1	0	0	0	0	0	0	0	0	-1	-1	0
76	[]	0	-1	-1	0	0	0	0	0	0	0	0	-1	-1	0	0	-1	-1	0	0	0	0	0	0	0	0	-1	-1	0
62	[]	0	-1	-1	0	0	0	0	0	0	0	0	-1	-1	0	0	-1	-1	0	0	0	0	0	0	0	0	-1	-1	0
74	[('74_ref_101_rule', 744382, 167), ('Highlighted bars', 744382, 167), ('74_ref_101_rule', 744581, 308), ('Highlighted bars', 744581, 308), ('74_ref_101_rule', 751385, 158), ('Highlighted bars', 751385, 158), ('74_ref_101_rule', 751568, 175), ('Highlighted bars', 751568, 175)]	0.0049504950495	308	202.0	4	2	2	0.0754716981132	0.019685231204	0.5	0.5	71.0070419043	33044	40230	808	0.0049504950495	308	202.0	4	2	2	0.0754716981132	0.019685231204	0.5	0.5	71.0070419043	33044	40230	808
5	[]	0	-1	-1	0	0	0	0	0	0	0	0	-1	-1	0	0	-1	-1	0	0	0	0	0	0	0	0	-1	-1	0
72	[]	0	-1	-1	0	0	0	0	0	0	0	0	-1	-1	0	0	-1	-1	0	0	0	0	0	0	0	0	-1	-1	0
9	[]	0	-1	-1	0	0	0	0	0	0	0	0	-1	-1	0	0	-1	-1	0	0	0	0	0	0	0	0	-1	-1	0
msnv13_allsc	[('74_ref_101_rule', 892481, 150), ('Highlighted bars', 892481, 150), ('74_ref_101_rule', 892639, 200), ('Highlighted bars', 892639, 200), ('74_ref_101_rule', 893230, 616), ('Highlighted bars', 893230, 616), ('74_ref_101_rule', 893871, 291), ('Highlighted bars', 893871, 291), ('74_ref_101_rule', 895395, 117), ('Highlighted bars', 895395, 117), ('74_ref_101_rule', 895520, 183), ('Highlighted bars', 895520, 183), ('74_ref_101_rule', 903181, 192), ('Highlighted bars', 903181, 192)]	0.00400228702115	616	249	7	3	3	0.00228907782865	0.00217220398598	0.5	0.5	170.13915873	-1	765123	1749	0.00400228702115	616	249	7	3	3	0.00228907782865	0.00217220398598	0.5	0.5	170.13915873	-1	765123	1749
11	[]	0	-1	-1	0	0	0	0	0	0	0	0	-1	-1	0	0	-1	-1	0	0	0	0	0	0	0	0	-1	-1	0
27	[]	0	-1	-1	0	0	0	0	0	0	0	0	-1	-1	0	0	-1	-1	0	0	0	0	0	0	0	0	-1	-1	0
20	[]	0	-1	-1	0	0	0	0	0	0	0	0	-1	-1	0	0	-1	-1	0	0	0	0	0	0	0	0	-1	-1	0
30	[]	0	-1	-1	0	0	0	0	0	0	0	0	-1	-1	0	0	-1	-1	0	0	0	0	0	0	0	0	-1	-1	0
28	[]	0	-1	-1	0	0	0	0	0	0	0	0	-1	-1	0	0	-1	-1	0	0	0	0	0	0	0	0	-1	-1	0
62	[]	0	-1	-1	0	0	0	0	0	0	0	0	-1	-1	0	0	-1	-1	0	0	0	0	0	0	0	0	-1	-1	0
60	[]	0	-1	-1	0	0	0	0	0	0	0	0	-1	-1	0	0	-1	-1	0	0	0	0	0	0	0	0	-1	-1	0
76	[]	0	-1	-1	0	0	0	0	0	0	0	0	-1	-1	0	0	-1	-1	0	0	0	0	0	0	0	0	-1	-1	0
3	[]	0	-1	-1	0	0	0	0	0	0	0	0	-1	-1	0	0	-1	-1	0	0	0	0	0	0	0	0	-1	-1	0
74	[('74_ref_101_rule', 892481, 150), ('Highlighted bars', 892481, 150), ('74_ref_101_rule', 892639, 200), ('Highlighted bars', 892639, 200), ('74_ref_101_rule', 893230, 616), ('Highlighted bars', 893230, 616), ('74_ref_101_rule', 893871, 291), ('Highlighted bars', 893871, 291), ('74_ref_101_rule', 895395, 117), ('Highlighted bars', 895395, 117), ('74_ref_101_rule', 895520, 183), ('Highlighted bars', 895520, 183), ('74_ref_101_rule', 903181, 192), ('Highlighted bars', 903181, 192)]	0.00400228702115	616	249.857142857	7	3	3	0.106060606061	0.0554147392434	0.5	0.5	170.136639765	14399	25099	1749	0.00400228702115	616	249.857142857	7	3	3	0.106060606061	0.0554147392434	0.5	0.5	170.136639765	14399	25099	1749
5	[]	0	-1	-1	0	0	0	0	0	0	0	0	-1	-1	0	0	-1	-1	0	0	0	0	0	0	0	0	-1	-1	0
72	[]	0	-1	-1	0	0	0	0	0	0	0	0	-1	-1	0	0	-1	-1	0	0	0	0	0	0	0	0	-1	-1	0
66	[]	0	-1	-1	0	0	0	0	0	0	0	0	-1	-1	0	0	-1	-1	0	0	0	0	0	0	0	0	-1	-1	0
9	[]	0	-1	-1	0	0	0	0	0	0	0	0	-1	-1	0	0	-1	-1	0	0	0	0	0	0	0	0	-1	-1	0
msnv14_allsc	[('74_ref_101_rule', 291761, 200), ('Highlighted bars', 291761, 200)]	0.005	200	200	1	0	0	0.000506072874494	0.000378282785296	0	0	0	-1	198353	200	0.005	200	200	1	0	0	0.000506072874494	0.000378282785296	0	0	0	-1	198353	200
11	[]	0	-1	-1	0	0	0	0	0	0	0	0	-1	-1	0	0	-1	-1	0	0	0	0	0	0	0	0	-1	-1	0
27	[]	0	-1	-1	0	0	0	0	0	0	0	0	-1	-1	0	0	-1	-1	0	0	0	0	0	0	0	0	-1	-1	0
20	[]	0	-1	-1	0	0	0	0	0	0	0	0	-1	-1	0	0	-1	-1	0	0	0	0	0	0	0	0	-1	-1	0
30	[]	0	-1	-1	0	0	0	0	0	0	0	0	-1	-1	0	0	-1	-1	0	0	0	0	0	0	0	0	-1	-1	0
28	[]	0	-1	-1	0	0	0	0	0	0	0	0	-1	-1	0	0	-1	-1	0	0	0	0	0	0	0	0	-1	-1	0
62	[]	0	-1	-1	0	0	0	0	0	0	0	0	-1	-1	0	0	-1	-1	0	0	0	0	0	0	0	0	-1	-1	0
60	[]	0	-1	-1	0	0	0	0	0	0	0	0	-1	-1	0	0	-1	-1	0	0	0	0	0	0	0	0	-1	-1	0
76	[]	0	-1	-1	0	0	0	0	0	0	0	0	-1	-1	0	0	-1	-1	0	0	0	0	0	0	0	0	-1	-1	0
3	[]	0	-1	-1	0	0	0	0	0	0	0	0	-1	-1	0	0	-1	-1	0	0	0	0	0	0	0	0	-1	-1	0
74	[('74_ref_101_rule', 291761, 200), ('Highlighted bars', 291761, 200)]	0.005	200	200.0	1	0	0	0.047619047619	0.00693505322653	0	0	0	25624	25624	200	0.005	200	200.0	1	0	0	0.047619047619	0.00693505322653	0	0	0	25624	25624	200
5	[]	0	-1	-1	0	0	0	0	0	0	0	0	-1	-1	0	0	-1	-1	0	0	0	0	0	0	0	0	-1	-1	0
72	[]	0	-1	-1	0	0	0	0	0	0	0	0	-1	-1	0	0	-1	-1	0	0	0	0	0	0	0	0	-1	-1	0
66	[]	0	-1	-1	0	0	0	0	0	0	0	0	-1	-1	0	0	-1	-1	0	0	0	0	0	0	0	0	-1	-1	0
9	[]	0	-1	-1	0	0	0	0	0	0	0	0	-1	-1	0	0	-1	-1	0	0	0	0	0	0	0	0	-1	-1	0
msnv15_allsc	[('74_ref_101_rule', 181108, 125), ('Highlighted bars', 181108, 125), ('74_ref_101_rule', 181291, 92), ('Highlighted bars', 181291, 92), ('74_ref_101_rule', 181824, 391), ('Highlighted bars', 181824, 391), ('74_ref_101_rule', 182232, 133), ('Highlighted bars', 182232, 133), ('74_ref_101_rule', 201977, 167), ('Highlighted bars', 201977, 167)]	0.00550660792952	391	181	5	2	2	0.00104449550867	0.000653372315003	0.5	0.5	120.059360318	-1	146731	908	0.00550660792952	391	181	5	2	2	0.00104449550867	0.000653372315003	0.5	0.5	120.059360318	-1	146731	908
11	[]	0	-1	-1	0	0	0	0	0	0	0	0	-1	-1	0	0	-1	-1	0	0	0	0	0	0	0	0	-1	-1	0
27	[]	0	-1	-1	0	0	0	0	0	0	0	0	-1	-1	0	0	-1	-1	0	0	0	0	0	0	0	0	-1	-1	0
20	[]	0	-1	-1	0	0	0	0	0	0	0	0	-1	-1	0	0	-1	-1	0	0	0	0	0	0	0	0	-1	-1	0
30	[]	0	-1	-1	0	0	0	0	0	0	0	0	-1	-1	0	0	-1	-1	0	0	0	0	0	0	0	0	-1	-1	0
28	[]	0	-1	-1	0	0	0	0	0	0	0	0	-1	-1	0	0	-1	-1	0	0	0	0	0	0	0	0	-1	-1	0
3	[]	0	-1	-1	0	0	0	0	0	0	0	0	-1	-1	0	0	-1	-1	0	0	0	0	0	0	0	0	-1	-1	0
60	[]	0	-1	-1	0	0	0	0	0	0	0	0	-1	-1	0	0	-1	-1	0	0	0	0	0	0	0	0	-1	-1	0
76	[]	0	-1	-1	0	0	0	0	0	0	0	0	-1	-1	0	0	-1	-1	0	0	0	0	0	0	0	0	-1	-1	0
62	[]	0	-1	-1	0	0	0	0	0	0	0	0	-1	-1	0	0	-1	-1	0	0	0	0	0	0	0	0	-1	-1	0
74	[('74_ref_101_rule', 181108, 125), ('Highlighted bars', 181108, 125), ('74_ref_101_rule', 181291, 92), ('Highlighted bars', 181291, 92), ('74_ref_101_rule', 181824, 391), ('Highlighted bars', 181824, 391), ('74_ref_101_rule', 182232, 133), ('Highlighted bars', 182232, 133), ('74_ref_101_rule', 201977, 167), ('Highlighted bars', 201977, 167)]	0.00550660792952	391	181.6	5	2	2	0.0446428571429	0.0155944079964	0.5	0.5	120.057486231	28913	49782	908	0.00550660792952	391	181.6	5	2	2	0.0446428571429	0.0155944079964	0.5	0.5	120.057486231	28913	49782	908
5	[]	0	-1	-1	0	0	0	0	0	0	0	0	-1	-1	0	0	-1	-1	0	0	0	0	0	0	0	0	-1	-1	0
72	[]	0	-1	-1	0	0	0	0	0	0	0	0	-1	-1	0	0	-1	-1	0	0	0	0	0	0	0	0	-1	-1	0
66	[]	0	-1	-1	0	0	0	0	0	0	0	0	-1	-1	0	0	-1	-1	0	0	0	0	0	0	0	0	-1	-1	0
9	[]	0	-1	-1	0	0	0	0	0	0	0	0	-1	-1	0	0	-1	-1	0	0	0	0	0	0	0	0	-1	-1	0
msnv17_allsc	[('74_ref_101_rule', 70857, 241), ('Highlighted bars', 70857, 241), ('74_ref_101_rule', 71324, 100), ('Highlighted bars', 71324, 100)]	0.0058651026393	241	170.5	2	0	0	0.0350877192982	0.010078023407	0	0	99.7020561473	23917	24384	341	0.0058651026393	241	170.5	2	0	0	0.0350877192982	0.010078023407	0	0	99.7020561473	23917	24384	341
11	[]	0	-1	-1	0	0	0	0	0	0	0	0	-1	-1	0	0	-1	-1	0	0	0	0	0	0	0	0	-1	-1	0
27	[]	0	-1	-1	0	0	0	0	0	0	0	0	-1	-1	0	0	-1	-1	0	0	0	0	0	0	0	0	-1	-1	0
20	[]	0	-1	-1	0	0	0	0	0	0	0	0	-1	-1	0	0	-1	-1	0	0	0	0	0	0	0	0	-1	-1	0
30	[]	0	-1	-1	0	0	0	0	0	0	0	0	-1	-1	0	0	-1	-1	0	0	0	0	0	0	0	0	-1	-1	0
28	[]	0	-1	-1	0	0	0	0	0	0	0	0	-1	-1	0	0	-1	-1	0	0	0	0	0	0	0	0	-1	-1	0
62	[]	0	-1	-1	0	0	0	0	0	0	0	0	-1	-1	0	0	-1	-1	0	0	0	0	0	0	0	0	-1	-1	0
60	[]	0	-1	-1	0	0	0	0	0	0	0	0	-1	-1	0	0	-1	-1	0	0	0	0	0	0	0	0	-1	-1	0
76	[]	0	-1	-1	0	0	0	0	0	0	0	0	-1	-1	0	0	-1	-1	0	0	0	0	0	0	0	0	-1	-1	0
3	[]	0	-1	-1	0	0	0	0	0	0	0	0	-1	-1	0	0	-1	-1	0	0	0	0	0	0	0	0	-1	-1	0
74	[('74_ref_101_rule', 70857, 241), ('Highlighted bars', 70857, 241), ('74_ref_101_rule', 71324, 100), ('Highlighted bars', 71324, 100)]	0.0058651026393	241	170.5	2	0	0	0.0350877192982	0.010078023407	0	0	99.7020561473	23917	24384	341	0.0058651026393	241	170.5	2	0	0	0.0350877192982	0.010078023407	0	0	99.7020561473	23917	24384	341
5	[]	0	-1	-1	0	0	0	0	0	0	0	0	-1	-1	0	0	-1	-1	0	0	0	0	0	0	0	0	-1	-1	0
72	[]	0	-1	-1	0	0	0	0	0	0	0	0	-1	-1	0	0	-1	-1	0	0	0	0	0	0	0	0	-1	-1	0
66	[]	0	-1	-1	0	0	0	0	0	0	0	0	-1	-1	0	0	-1	-1	0	0	0	0	0	0	0	0	-1	-1	0
9	[]	0	-1	-1	0	0	0	0	0	0	0	0	-1	-1	0	0	-1	-1	0	0	0	0	0	0	0	0	-1	-1	0
msnv18_allsc	[('74_ref_101_rule', 450265, 158), ('Highlighted bars', 450265, 158), ('74_ref_101_rule', 451131, 117), ('Highlighted bars', 451131, 117), ('74_ref_101_rule', 451664, 92), ('Highlighted bars', 451664, 92), ('74_ref_101_rule', 451813, 566), ('Highlighted bars', 451813, 566), ('74_ref_101_rule', 452413, 175), ('Highlighted bars', 452413, 175), ('74_ref_101_rule', 452613, 475), ('Highlighted bars', 452613, 475), ('74_ref_101_rule', 453487, 75), ('Highlighted bars', 453487, 75), ('74_ref_101_rule', 453654, 117), ('Highlighted bars', 453654, 117), ('74_ref_101_rule', 453787, 366), ('Highlighted bars', 453787, 366), ('74_ref_101_rule', 454845, 158), ('Highlighted bars', 454845, 158), ('74_ref_101_rule', 455519, 150), ('Highlighted bars', 455519, 150), ('74_ref_101_rule', 456610, 133), ('Highlighted bars', 456610, 133)]	0.00464756003098	566	215	12	5	5	0.00389736927574	0.00300058454455	0.5	0.5	161.41026215	-1	375704	2582	0.00464756003098	566	215	12	5	5	0.00389736927574	0.00300058454455	0.5	0.5	161.41026215	-1	375704	2582
11	[]	0	-1	-1	0	0	0	0	0	0	0	0	-1	-1	0	0	-1	-1	0	0	0	0	0	0	0	0	-1	-1	0
27	[]	0	-1	-1	0	0	0	0	0	0	0	0	-1	-1	0	0	-1	-1	0	0	0	0	0	0	0	0	-1	-1	0
20	[]	0	-1	-1	0	0	0	0	0	0	0	0	-1	-1	0	0	-1	-1	0	0	0	0	0	0	0	0	-1	-1	0
30	[]	0	-1	-1	0	0	0	0	0	0	0	0	-1	-1	0	0	-1	-1	0	0	0	0	0	0	0	0	-1	-1	0
28	[]	0	-1	-1	0	0	0	0	0	0	0	0	-1	-1	0	0	-1	-1	0	0	0	0	0	0	0	0	-1	-1	0
62	[]	0	-1	-1	0	0	0	0	0	0	0	0	-1	-1	0	0	-1	-1	0	0	0	0	0	0	0	0	-1	-1	0
60	[]	0	-1	-1	0	0	0	0	0	0	0	0	-1	-1	0	0	-1	-1	0	0	0	0	0	0	0	0	-1	-1	0
76	[]	0	-1	-1	0	0	0	0	0	0	0	0	-1	-1	0	0	-1	-1	0	0	0	0	0	0	0	0	-1	-1	0
3	[]	0	-1	-1	0	0	0	0	0	0	0	0	-1	-1	0	0	-1	-1	0	0	0	0	0	0	0	0	-1	-1	0
74	[('74_ref_101_rule', 450265, 158), ('Highlighted bars', 450265, 158), ('74_ref_101_rule', 451131, 117), ('Highlighted bars', 451131, 117), ('74_ref_101_rule', 451664, 92), ('Highlighted bars', 451664, 92), ('74_ref_101_rule', 451813, 566), ('Highlighted bars', 451813, 566), ('74_ref_101_rule', 452413, 175), ('Highlighted bars', 452413, 175), ('74_ref_101_rule', 452613, 475), ('Highlighted bars', 452613, 475), ('74_ref_101_rule', 453487, 75), ('Highlighted bars', 453487, 75), ('74_ref_101_rule', 453654, 117), ('Highlighted bars', 453654, 117), ('74_ref_101_rule', 453787, 366), ('Highlighted bars', 453787, 366), ('74_ref_101_rule', 454845, 158), ('Highlighted bars', 454845, 158), ('74_ref_101_rule', 455519, 150), ('Highlighted bars', 455519, 150), ('74_ref_101_rule', 456610, 133), ('Highlighted bars', 456610, 133)]	0.00464756003098	566	215.166666667	12	5	5	0.279069767442	0.0793582493238	0.5	0.5	161.41016828	23026	29371	2582	0.00464756003098	566	215.166666667	12	5	5	0.279069767442	0.0793582493238	0.5	0.5	161.41016828	23026	29371	2582
5	[]	0	-1	-1	0	0	0	0	0	0	0	0	-1	-1	0	0	-1	-1	0	0	0	0	0	0	0	0	-1	-1	0
72	[]	0	-1	-1	0	0	0	0	0	0	0	0	-1	-1	0	0	-1	-1	0	0	0	0	0	0	0	0	-1	-1	0
66	[]	0	-1	-1	0	0	0	0	0	0	0	0	-1	-1	0	0	-1	-1	0	0	0	0	0	0	0	0	-1	-1	0
9	[]	0	-1	-1	0	0	0	0	0	0	0	0	-1	-1	0	0	-1	-1	0	0	0	0	0	0	0	0	-1	-1	0
msnv2_allsc	[('74_ref_101_rule', 294267, 75), ('Highlighted bars', 294267, 75)]	0.0133333333333	75	75	1	0	0	0.000374812593703	9.57419104468e-05	0	0	0	-1	144707	75	0.0133333333333	75	75	1	0	0	0.000374812593703	9.57419104468e-05	0	0	0	-1	144707	75
11	[]	0	-1	-1	0	0	0	0	0	0	0	0	-1	-1	0	0	-1	-1	0	0	0	0	0	0	0	0	-1	-1	0
27	[]	0	-1	-1	0	0	0	0	0	0	0	0	-1	-1	0	0	-1	-1	0	0	0	0	0	0	0	0	-1	-1	0
20	[]	0	-1	-1	0	0	0	0	0	0	0	0	-1	-1	0	0	-1	-1	0	0	0	0	0	0	0	0	-1	-1	0
30	[]	0	-1	-1	0	0	0	0	0	0	0	0	-1	-1	0	0	-1	-1	0	0	0	0	0	0	0	0	-1	-1	0
28	[]	0	-1	-1	0	0	0	0	0	0	0	0	-1	-1	0	0	-1	-1	0	0	0	0	0	0	0	0	-1	-1	0
62	[]	0	-1	-1	0	0	0	0	0	0	0	0	-1	-1	0	0	-1	-1	0	0	0	0	0	0	0	0	-1	-1	0
60	[]	0	-1	-1	0	0	0	0	0	0	0	0	-1	-1	0	0	-1	-1	0	0	0	0	0	0	0	0	-1	-1	0
76	[]	0	-1	-1	0	0	0	0	0	0	0	0	-1	-1	0	0	-1	-1	0	0	0	0	0	0	0	0	-1	-1	0
3	[]	0	-1	-1	0	0	0	0	0	0	0	0	-1	-1	0	0	-1	-1	0	0	0	0	0	0	0	0	-1	-1	0
74	[('74_ref_101_rule', 294267, 75), ('Highlighted bars', 294267, 75)]	0.0133333333333	75	75.0	1	0	0	0.0108695652174	0.00154667876513	0	0	0	43827	43827	75	0.0133333333333	75	75.0	1	0	0	0.0108695652174	0.00154667876513	0	0	0	43827	43827	75
5	[]	0	-1	-1	0	0	0	0	0	0	0	0	-1	-1	0	0	-1	-1	0	0	0	0	0	0	0	0	-1	-1	0
72	[]	0	-1	-1	0	0	0	0	0	0	0	0	-1	-1	0	0	-1	-1	0	0	0	0	0	0	0	0	-1	-1	0
66	[]	0	-1	-1	0	0	0	0	0	0	0	0	-1	-1	0	0	-1	-1	0	0	0	0	0	0	0	0	-1	-1	0
9	[]	0	-1	-1	0	0	0	0	0	0	0	0	-1	-1	0	0	-1	-1	0	0	0	0	0	0	0	0	-1	-1	0
msnv20_allsc	[]	-1	-1	-1	0	0	0	0.0	0.0	0	0	0	-1	-1	0	-1	-1	-1	0	0	0	0.0	0.0	0	0	0	-1	-1	0
11	[]	0	-1	-1	0	0	0	0	0	0	0	0	-1	-1	0	0	-1	-1	0	0	0	0	0	0	0	0	-1	-1	0
27	[]	0	-1	-1	0	0	0	0	0	0	0	0	-1	-1	0	0	-1	-1	0	0	0	0	0	0	0	0	-1	-1	0
20	[]	0	-1	-1	0	0	0	0	0	0	0	0	-1	-1	0	0	-1	-1	0	0	0	0	0	0	0	0	-1	-1	0
30	[]	0	-1	-1	0	0	0	0	0	0	0	0	-1	-1	0	0	-1	-1	0	0	0	0	0	0	0	0	-1	-1	0
28	[]	0	-1	-1	0	0	0	0	0	0	0	0	-1	-1	0	0	-1	-1	0	0	0	0	0	0	0	0	-1	-1	0
62	[]	0	-1	-1	0	0	0	0	0	0	0	0	-1	-1	0	0	-1	-1	0	0	0	0	0	0	0	0	-1	-1	0
60	[]	0	-1	-1	0	0	0	0	0	0	0	0	-1	-1	0	0	-1	-1	0	0	0	0	0	0	0	0	-1	-1	0
76	[]	0	-1	-1	0	0	0	0	0	0	0	0	-1	-1	0	0	-1	-1	0	0	0	0	0	0	0	0	-1	-1	0
3	[]	0	-1	-1	0	0	0	0	0	0	0	0	-1	-1	0	0	-1	-1	0	0	0	0	0	0	0	0	-1	-1	0
74	[]	0	-1	-1	0	0	0	0	0.0	0	0	0	-1	-1	0	0	-1	-1	0	0	0	0	0.0	0	0	0	-1	-1	0
5	[]	0	-1	-1	0	0	0	0	0	0	0	0	-1	-1	0	0	-1	-1	0	0	0	0	0	0	0	0	-1	-1	0
72	[]	0	-1	-1	0	0	0	0	0	0	0	0	-1	-1	0	0	-1	-1	0	0	0	0	0	0	0	0	-1	-1	0
66	[]	0	-1	-1	0	0	0	0	0	0	0	0	-1	-1	0	0	-1	-1	0	0	0	0	0	0	0	0	-1	-1	0
9	[]	0	-1	-1	0	0	0	0	0	0	0	0	-1	-1	0	0	-1	-1	0	0	0	0	0	0	0	0	-1	-1	0
msnv21_allsc	[('74_ref_101_rule', 279720, 291), ('Highlighted bars', 279720, 291), ('74_ref_101_rule', 282551, 142), ('Highlighted bars', 282551, 142), ('74_ref_101_rule', 283367, 133), ('Highlighted bars', 283367, 133), ('74_ref_101_rule', 283592, 175), ('Highlighted bars', 283592, 175), ('74_ref_101_rule', 284033, 300), ('Highlighted bars', 284033, 300), ('74_ref_101_rule', 285965, 108), ('Highlighted bars', 285965, 108)]	0.00522193211488	300	191	6	1	1	0.00259403372244	0.00191475746405	0.5	0.5	83.4158258366	-1	229772	1149	0.00522193211488	300	191	6	1	1	0.00259403372244	0.00191475746405	0.5	0.5	83.4158258366	-1	229772	1149
11	[]	0	-1	-1	0	0	0	0	0	0	0	0	-1	-1	0	0	-1	-1	0	0	0	0	0	0	0	0	-1	-1	0
27	[]	0	-1	-1	0	0	0	0	0	0	0	0	-1	-1	0	0	-1	-1	0	0	0	0	0	0	0	0	-1	-1	0
20	[]	0	-1	-1	0	0	0	0	0	0	0	0	-1	-1	0	0	-1	-1	0	0	0	0	0	0	0	0	-1	-1	0
30	[]	0	-1	-1	0	0	0	0	0	0	0	0	-1	-1	0	0	-1	-1	0	0	0	0	0	0	0	0	-1	-1	0
28	[]	0	-1	-1	0	0	0	0	0	0	0	0	-1	-1	0	0	-1	-1	0	0	0	0	0	0	0	0	-1	-1	0
3	[]	0	-1	-1	0	0	0	0	0	0	0	0	-1	-1	0	0	-1	-1	0	0	0	0	0	0	0	0	-1	-1	0
60	[]	0	-1	-1	0	0	0	0	0	0	0	0	-1	-1	0	0	-1	-1	0	0	0	0	0	0	0	0	-1	-1	0
76	[]	0	-1	-1	0	0	0	0	0	0	0	0	-1	-1	0	0	-1	-1	0	0	0	0	0	0	0	0	-1	-1	0
62	[]	0	-1	-1	0	0	0	0	0	0	0	0	-1	-1	0	0	-1	-1	0	0	0	0	0	0	0	0	-1	-1	0
74	[('74_ref_101_rule', 279720, 291), ('Highlighted bars', 279720, 291), ('74_ref_101_rule', 282551, 142), ('Highlighted bars', 282551, 142), ('74_ref_101_rule', 283367, 133), ('Highlighted bars', 283367, 133), ('74_ref_101_rule', 283592, 175), ('Highlighted bars', 283592, 175), ('74_ref_101_rule', 284033, 300), ('Highlighted bars', 284033, 300), ('74_ref_101_rule', 285965, 108), ('Highlighted bars', 285965, 108)]	0.00522193211488	300	191.5	6	1	1	0.1875	0.0434289601996	0.5	0.5	83.4140275973	21377	27622	1149	0.00522193211488	300	191.5	6	1	1	0.1875	0.0434289601996	0.5	0.5	83.4140275973	21377	27622	1149
5	[]	0	-1	-1	0	0	0	0	0	0	0	0	-1	-1	0	0	-1	-1	0	0	0	0	0	0	0	0	-1	-1	0
72	[]	0	-1	-1	0	0	0	0	0	0	0	0	-1	-1	0	0	-1	-1	0	0	0	0	0	0	0	0	-1	-1	0
66	[]	0	-1	-1	0	0	0	0	0	0	0	0	-1	-1	0	0	-1	-1	0	0	0	0	0	0	0	0	-1	-1	0
9	[]	0	-1	-1	0	0	0	0	0	0	0	0	-1	-1	0	0	-1	-1	0	0	0	0	0	0	0	0	-1	-1	0
msnv22_allsc	[('74_ref_101_rule', 174535, 150), ('Highlighted bars', 174535, 150), ('74_ref_101_rule', 174902, 375), ('Highlighted bars', 174902, 375), ('74_ref_101_rule', 177108, 175), ('Highlighted bars', 177108, 175), ('74_ref_101_rule', 177600, 225), ('Highlighted bars', 177600, 225), ('74_ref_101_rule', 177858, 150), ('Highlighted bars', 177858, 150), ('74_ref_101_rule', 178549, 142), ('Highlighted bars', 178549, 142), ('74_ref_101_rule', 178716, 208), ('Highlighted bars', 178716, 208), ('74_ref_101_rule', 184537, 233), ('Highlighted bars', 184537, 233), ('74_ref_101_rule', 184786, 267), ('Highlighted bars', 184786, 267), ('74_ref_101_rule', 186152, 125), ('Highlighted bars', 186152, 125), ('74_ref_101_rule', 186477, 83), ('Highlighted bars', 186477, 83), ('74_ref_101_rule', 194729, 183), ('Highlighted bars', 194729, 183), ('74_ref_101_rule', 195362, 625), ('Highlighted bars', 195362, 625), ('74_ref_101_rule', 196012, 125), ('Highlighted bars', 196012, 125)]	0.00456621004566	625	219.0	14	4	4	0.0512820512821	0.0278140648813	0.5	0.5	137.751169198	88480	109957	3066	0.00456621004566	625	219.0	14	4	4	0.0512820512821	0.0278140648813	0.5	0.5	137.751169198	88480	109957	3066
11	[]	0	-1	-1	0	0	0	0	0	0	0	0	-1	-1	0	0	-1	-1	0	0	0	0	0	0	0	0	-1	-1	0
27	[]	0	-1	-1	0	0	0	0	0	0	0	0	-1	-1	0	0	-1	-1	0	0	0	0	0	0	0	0	-1	-1	0
20	[]	0	-1	-1	0	0	0	0	0	0	0	0	-1	-1	0	0	-1	-1	0	0	0	0	0	0	0	0	-1	-1	0
30	[]	0	-1	-1	0	0	0	0	0	0	0	0	-1	-1	0	0	-1	-1	0	0	0	0	0	0	0	0	-1	-1	0
28	[]	0	-1	-1	0	0	0	0	0	0	0	0	-1	-1	0	0	-1	-1	0	0	0	0	0	0	0	0	-1	-1	0
3	[]	0	-1	-1	0	0	0	0	0	0	0	0	-1	-1	0	0	-1	-1	0	0	0	0	0	0	0	0	-1	-1	0
60	[]	0	-1	-1	0	0	0	0	0	0	0	0	-1	-1	0	0	-1	-1	0	0	0	0	0	0	0	0	-1	-1	0
76	[]	0	-1	-1	0	0	0	0	0	0	0	0	-1	-1	0	0	-1	-1	0	0	0	0	0	0	0	0	-1	-1	0
62	[]	0	-1	-1	0	0	0	0	0	0	0	0	-1	-1	0	0	-1	-1	0	0	0	0	0	0	0	0	-1	-1	0
74	[('74_ref_101_rule', 174535, 150), ('Highlighted bars', 174535, 150), ('74_ref_101_rule', 174902, 375), ('Highlighted bars', 174902, 375), ('74_ref_101_rule', 177108, 175), ('Highlighted bars', 177108, 175), ('74_ref_101_rule', 177600, 225), ('Highlighted bars', 177600, 225), ('74_ref_101_rule', 177858, 150), ('Highlighted bars', 177858, 150), ('74_ref_101_rule', 178549, 142), ('Highlighted bars', 178549, 142), ('74_ref_101_rule', 178716, 208), ('Highlighted bars', 178716, 208), ('74_ref_101_rule', 184537, 233), ('Highlighted bars', 184537, 233), ('74_ref_101_rule', 184786, 267), ('Highlighted bars', 184786, 267), ('74_ref_101_rule', 186152, 125), ('Highlighted bars', 186152, 125), ('74_ref_101_rule', 186477, 83), ('Highlighted bars', 186477, 83), ('74_ref_101_rule', 194729, 183), ('Highlighted bars', 194729, 183), ('74_ref_101_rule', 195362, 625), ('Highlighted bars', 195362, 625), ('74_ref_101_rule', 196012, 125), ('Highlighted bars', 196012, 125)]	0.00456621004566	625	219.0	14	4	4	0.0512820512821	0.0278140648813	0.5	0.5	137.751169198	88480	109957	3066	0.00456621004566	625	219.0	14	4	4	0.0512820512821	0.0278140648813	0.5	0.5	137.751169198	88480	109957	3066
5	[]	0	-1	-1	0	0	0	0	0	0	0	0	-1	-1	0	0	-1	-1	0	0	0	0	0	0	0	0	-1	-1	0
72	[]	0	-1	-1	0	0	0	0	0	0	0	0	-1	-1	0	0	-1	-1	0	0	0	0	0	0	0	0	-1	-1	0
66	[]	0	-1	-1	0	0	0	0	0	0	0	0	-1	-1	0	0	-1	-1	0	0	0	0	0	0	0	0	-1	-1	0
9	[]	0	-1	-1	0	0	0	0	0	0	0	0	-1	-1	0	0	-1	-1	0	0	0	0	0	0	0	0	-1	-1	0
msnv85_allsc	[('74_ref_101_rule', 985797, 241), ('Highlighted bars', 985797, 241), ('74_ref_101_rule', 986280, 216), ('Highlighted bars', 986280, 216)]	0.00437636761488	241	228	2	0	0	0.000979431929481	0.000822284078457	0	0	17.691806013	-1	878663	457	0.00437636761488	241	228	2	0	0	0.000979431929481	0.000822284078457	0	0	17.691806013	-1	878663	457
11	[]	0	-1	-1	0	0	0	0	0	0	0	0	-1	-1	0	0	-1	-1	0	0	0	0	0	0	0	0	-1	-1	0
27	[]	0	-1	-1	0	0	0	0	0	0	0	0	-1	-1	0	0	-1	-1	0	0	0	0	0	0	0	0	-1	-1	0
20	[]	0	-1	-1	0	0	0	0	0	0	0	0	-1	-1	0	0	-1	-1	0	0	0	0	0	0	0	0	-1	-1	0
30	[]	0	-1	-1	0	0	0	0	0	0	0	0	-1	-1	0	0	-1	-1	0	0	0	0	0	0	0	0	-1	-1	0
28	[]	0	-1	-1	0	0	0	0	0	0	0	0	-1	-1	0	0	-1	-1	0	0	0	0	0	0	0	0	-1	-1	0
3	[]	0	-1	-1	0	0	0	0	0	0	0	0	-1	-1	0	0	-1	-1	0	0	0	0	0	0	0	0	-1	-1	0
60	[]	0	-1	-1	0	0	0	0	0	0	0	0	-1	-1	0	0	-1	-1	0	0	0	0	0	0	0	0	-1	-1	0
76	[]	0	-1	-1	0	0	0	0	0	0	0	0	-1	-1	0	0	-1	-1	0	0	0	0	0	0	0	0	-1	-1	0
62	[]	0	-1	-1	0	0	0	0	0	0	0	0	-1	-1	0	0	-1	-1	0	0	0	0	0	0	0	0	-1	-1	0
74	[('74_ref_101_rule', 985797, 241), ('Highlighted bars', 985797, 241), ('74_ref_101_rule', 986280, 216), ('Highlighted bars', 986280, 216)]	0.00437636761488	241	228.5	2	0	0	0.0833333333333	0.0237884545313	0	0	17.6776695297	17104	17587	457	0.00437636761488	241	228.5	2	0	0	0.0833333333333	0.0237884545313	0	0	17.6776695297	17104	17587	457
5	[]	0	-1	-1	0	0	0	0	0	0	0	0	-1	-1	0	0	-1	-1	0	0	0	0	0	0	0	0	-1	-1	0
72	[]	0	-1	-1	0	0	0	0	0	0	0	0	-1	-1	0	0	-1	-1	0	0	0	0	0	0	0	0	-1	-1	0
66	[]	0	-1	-1	0	0	0	0	0	0	0	0	-1	-1	0	0	-1	-1	0	0	0	0	0	0	0	0	-1	-1	0
9	[]	0	-1	-1	0	0	0	0	0	0	0	0	-1	-1	0	0	-1	-1	0	0	0	0	0	0	0	0	-1	-1	0
