,sc_id,msnv_id,intervention,seg_start_stamp,trigger_start_stamp,fade_stamp,seg_end_stamp,firstfixation_stamp,trigger_delay,numfixations,timetofirstfixation,trigger_to_fixation_time,imm_processed
0,2,3,3_ref_106_rule,682955,689819.0,700002.0,743171,723534.0,6864.0,7.0,40579.0,33715.0,0
1,2,3,3_ref_101_rule,682955,700002.0,704499.0,743171,732361.0,17047.0,2.0,49406.0,32359.0,0
2,2,3,3_ref_100_rule,682955,704499.0,710869.0,743171,-1.0,21544.0,0.0,-1.0,,0
3,2,3,3_ref_105_rule,682955,710869.0,716506.0,743171,729072.0,27914.0,3.0,46117.0,18203.0,0
5,2,5,5_ref_100_rule,549675,568299.0,578191.0,643899,608617.0,18624.0,10.0,58942.0,40318.0,0
6,2,5,5_ref_101_rule,549675,578191.0,582712.0,643899,608475.0,28516.0,4.0,58800.0,30284.0,0
7,2,5,5_ref_103_rule,549675,582712.0,589723.0,643899,625430.0,33037.0,18.0,75755.0,42718.0,0
9,2,9,9_ref_101_rule,904609,914665.0,922750.0,959986,933180.0,10056.0,11.0,28571.0,18515.0,0
12,2,20,20_ref_100_rule,857633,862782.0,870542.0,891226,876337.0,5149.0,8.0,18704.0,13555.0,0
14,2,27,27_ref_103_rule,773225,792321.0,803762.0,832650,809466.0,19096.0,5.0,36241.0,17145.0,0
16,2,28,28_ref_100_rule,313555,321936.0,326016.0,370475,341377.0,8381.0,7.0,27822.0,19441.0,0
17,2,28,28_ref_101_rule,313555,326016.0,336108.0,370475,340910.0,12461.0,4.0,27355.0,14894.0,0
20,2,60,60_ref_101_rule,1220921,1228483.0,1234986.0,1255347,1248002.0,7562.0,3.0,27081.0,19519.0,0
22,2,62,62_ref_100_rule,1062465,1075629.0,1085188.0,1131067,1127319.0,13164.0,2.0,64854.0,51690.0,0
24,2,66,66_ref_101_rule,407427,430925.0,435621.0,462291,439338.0,23498.0,2.0,31911.0,8413.0,0
26,2,72,72_ref_100_rule,982238,991063.0,998998.0,1047351,-1.0,8825.0,0.0,-1.0,,0
29,4,3,3_ref_106_rule,722601,737473.0,751179.0,799787,777870.0,14872.0,6.0,55269.0,40397.0,0
30,4,3,3_ref_101_rule,722601,751179.0,758256.0,799787,781317.0,28578.0,5.0,58716.0,30138.0,0
31,4,3,3_ref_100_rule,722601,758256.0,762611.0,799787,784565.0,35655.0,6.0,61964.0,26309.0,0
32,4,3,3_ref_105_rule,722601,762611.0,768848.0,799787,782175.0,40010.0,4.0,59574.0,19564.0,0
33,4,3,3_ref_102_rule,722601,768848.0,774835.0,799787,777687.0,46247.0,4.0,55086.0,8839.0,0
35,4,5,5_ref_100_rule,481586,500016.0,506128.0,562162,533866.0,18430.0,7.0,52280.0,33850.0,0
36,4,5,5_ref_101_rule,481586,506128.0,510966.0,562162,539787.0,24542.0,3.0,58201.0,33659.0,0
37,4,5,5_ref_103_rule,481586,510966.0,516644.0,562162,541902.0,29380.0,12.0,60316.0,30936.0,0
39,4,9,9_ref_101_rule,247785,263491.0,270810.0,303434,279227.0,15706.0,6.0,31442.0,15736.0,0
42,4,20,20_ref_100_rule,649377,658701.0,666328.0,699483,676733.0,9324.0,11.0,27356.0,18032.0,0
44,4,27,27_ref_103_rule,170462,195061.0,202513.0,232129,196262.0,24599.0,9.0,25800.0,1201.0,1
45,4,27,27_ref_102_rule,170462,202513.0,205236.0,232129,223318.0,32051.0,3.0,52856.0,20805.0,0
47,4,28,28_ref_100_rule,968007,977111.0,980167.0,1013092,992232.0,9104.0,6.0,24225.0,15121.0,0
48,4,28,28_ref_101_rule,968007,980167.0,985646.0,1013092,992323.0,12160.0,3.0,24316.0,12156.0,0
49,4,28,28_ref_104_rule,968007,985646.0,989127.0,1013092,1002050.0,17639.0,8.0,34043.0,16404.0,0
52,4,60,60_ref_101_rule,835490,843598.0,853674.0,877061,863029.0,8108.0,5.0,27539.0,19431.0,0
55,4,66,66_ref_101_rule,591567,609755.0,612661.0,636386,616958.0,18188.0,12.0,25391.0,7203.0,0
57,4,72,72_ref_100_rule,322222,341389.0,347209.0,382596,367981.0,19167.0,4.0,45759.0,26592.0,0
60,5,3,3_ref_106_rule,652535,659184.0,666719.0,727215,694347.0,6649.0,2.0,41812.0,35163.0,0
61,5,3,3_ref_101_rule,652535,666719.0,673048.0,727215,696221.0,14184.0,2.0,43686.0,29502.0,0
62,5,3,3_ref_100_rule,652535,673048.0,678169.0,727215,691807.0,20513.0,5.0,39272.0,18759.0,0
63,5,3,3_ref_105_rule,652535,678169.0,684480.0,727215,692299.0,25634.0,8.0,39764.0,14130.0,0
64,5,3,3_ref_102_rule,652535,684480.0,688585.0,727215,692049.0,31945.0,4.0,39514.0,7569.0,0
66,5,5,5_ref_101_rule,1053991,1070845.0,1077348.0,1171472,1130585.0,16854.0,1.0,76594.0,59740.0,0
67,5,5,5_ref_103_rule,1053991,1077348.0,1085708.0,1171472,1086943.0,23357.0,5.0,32952.0,9595.0,0
68,5,5,5_ref_104_rule,1053991,1085708.0,1127375.0,1171472,1087309.0,31717.0,3.0,33318.0,1601.0,1
70,5,9,9_ref_101_rule,338305,353364.0,359335.0,385405,365702.0,15059.0,4.0,27397.0,12338.0,0
73,5,20,20_ref_100_rule,51355,58920.0,69228.0,104259,81408.0,7565.0,3.0,30053.0,22488.0,0
75,5,27,27_ref_103_rule,914246,925059.0,936017.0,964203,942160.0,10813.0,3.0,27914.0,17101.0,0
76,5,27,27_ref_104_rule,914246,936017.0,952195.0,964203,938429.0,21771.0,7.0,24183.0,2412.0,1
78,5,28,28_ref_100_rule,508486,513806.0,517078.0,564855,524417.0,5320.0,3.0,15931.0,10611.0,0
79,5,28,28_ref_101_rule,508486,517078.0,524056.0,564855,-1.0,8592.0,0.0,-1.0,,0
80,5,28,28_ref_103_rule,508486,524056.0,543607.0,564855,525699.0,15570.0,10.0,17213.0,1643.0,1
83,5,60,60_ref_101_rule,877746,887938.0,897447.0,900131,890970.0,10192.0,6.0,13224.0,3032.0,1
85,5,62,62_ref_101_rule,751798,765392.0,784043.0,811158,777996.0,13594.0,3.0,26198.0,12604.0,1
87,5,66,66_ref_101_rule,126577,142721.0,145918.0,176426,151710.0,16144.0,8.0,25133.0,8989.0,0
89,5,72,72_ref_100_rule,986621,993755.0,999301.0,1033988,1009738.0,7134.0,2.0,23117.0,15983.0,0
92,6,3,3_ref_106_rule,380396,387219.0,394838.0,421809,413365.0,6823.0,2.0,32969.0,26146.0,0
93,6,3,3_ref_101_rule,380396,394838.0,399027.0,421809,-1.0,14442.0,0.0,-1.0,,0
94,6,3,3_ref_100_rule,380396,399027.0,405388.0,421809,-1.0,18631.0,0.0,-1.0,,0
95,6,3,3_ref_105_rule,380396,405388.0,407587.0,421809,414947.0,24992.0,1.0,34551.0,9559.0,0
96,6,3,3_ref_102_rule,380396,407587.0,409260.0,421809,416571.0,27191.0,2.0,36175.0,8984.0,0
98,6,5,5_ref_100_rule,655655,671157.0,674954.0,701397,673425.0,15502.0,2.0,17770.0,2268.0,1
99,6,5,5_ref_101_rule,655655,674954.0,680108.0,701397,676490.0,19299.0,1.0,20835.0,1536.0,1
100,6,5,5_ref_103_rule,655655,680108.0,684921.0,701397,685542.0,24453.0,7.0,29887.0,5434.0,0
102,6,9,9_ref_101_rule,321412,334876.0,340522.0,352957,346087.0,13464.0,2.0,24675.0,11211.0,0
104,6,20,20_ref_100_rule,241434,245521.0,251491.0,265593,255416.0,4087.0,5.0,13982.0,9895.0,0
106,6,27,27_ref_103_rule,121784,132658.0,139136.0,157709,144010.0,10874.0,9.0,22226.0,11352.0,0
107,6,27,27_ref_102_rule,121784,139136.0,141301.0,157709,156935.0,17352.0,1.0,35151.0,17799.0,0
109,6,28,28_ref_101_rule,522997,531083.0,536845.0,551793,-1.0,8086.0,0.0,-1.0,,0
110,6,28,28_ref_104_rule,522997,536845.0,539484.0,551793,-1.0,13848.0,0.0,-1.0,,0
113,6,60,60_ref_101_rule,281224,288829.0,291827.0,306622,295730.0,7605.0,3.0,14506.0,6901.0,0
115,6,66,66_ref_101_rule,64233,79558.0,82472.0,96168,83744.0,15325.0,2.0,19511.0,4186.0,0
119,9,3,3_ref_106_rule,987570,1000612.0,1018015.0,1091737,1075266.0,13042.0,2.0,87696.0,74654.0,0
120,9,3,3_ref_101_rule,987570,1018015.0,1026083.0,1091737,1079480.0,30445.0,3.0,91910.0,61465.0,0
121,9,3,3_ref_100_rule,987570,1026083.0,1037707.0,1091737,1079297.0,38513.0,4.0,91727.0,53214.0,0
122,9,3,3_ref_105_rule,987570,1037707.0,1051488.0,1091737,1077565.0,50137.0,5.0,89995.0,39858.0,0
123,9,3,3_ref_102_rule,987570,1051488.0,1059873.0,1091737,-1.0,63918.0,0.0,-1.0,,0
125,9,5,5_ref_100_rule,1349792,1375863.0,1387645.0,1457066,1436422.0,26071.0,13.0,86630.0,60559.0,0
126,9,5,5_ref_101_rule,1349792,1387645.0,1399103.0,1457066,1438771.0,37853.0,4.0,88979.0,51126.0,0
127,9,5,5_ref_103_rule,1349792,1399103.0,1406014.0,1457066,1435115.0,49311.0,12.0,85323.0,36012.0,0
129,9,9,9_ref_101_rule,56001,72841.0,94016.0,142224,74654.0,16840.0,11.0,18653.0,1813.0,1
132,9,20,20_ref_100_rule,523993,530345.0,543143.0,586582,554263.0,6352.0,15.0,30270.0,23918.0,0
134,9,27,27_ref_103_rule,1266792,1281755.0,1293770.0,1322927,1322053.0,14963.0,1.0,55261.0,40298.0,0
135,9,27,27_ref_102_rule,1266792,1293770.0,1299849.0,1322927,1312085.0,26978.0,2.0,45293.0,18315.0,0
137,9,28,28_ref_100_rule,1494491,1501813.0,1507850.0,1542781,1527451.0,7322.0,2.0,32960.0,25638.0,0
138,9,28,28_ref_101_rule,1494491,1507850.0,1517617.0,1542781,1527267.0,13359.0,4.0,32776.0,19417.0,0
139,9,28,28_ref_104_rule,1494491,1517617.0,1522654.0,1542781,1526160.0,23126.0,6.0,31669.0,8543.0,0
142,9,60,60_ref_101_rule,611607,617634.0,638892.0,682240,650288.0,6027.0,9.0,38681.0,32654.0,0
144,9,62,62_ref_100_rule,1133251,1160501.0,1166139.0,1213744,1169259.0,27250.0,4.0,36008.0,8758.0,0
146,9,66,66_ref_101_rule,822360,851805.0,858542.0,892302,866562.0,29445.0,5.0,44202.0,14757.0,0
148,9,72,72_ref_100_rule,319652,329163.0,340712.0,399178,376744.0,9511.0,2.0,57092.0,47581.0,0
151,10,3,3_ref_106_rule,872729,899789.0,932447.0,1014496,987148.0,27060.0,6.0,114419.0,87359.0,0
152,10,3,3_ref_101_rule,872729,932447.0,940057.0,1014496,985758.0,59718.0,6.0,113029.0,53311.0,0
153,10,3,3_ref_100_rule,872729,940057.0,963772.0,1014496,986815.0,67328.0,5.0,114086.0,46758.0,0
154,10,3,3_ref_105_rule,872729,963772.0,969334.0,1014496,987964.0,91043.0,9.0,115235.0,24192.0,0
155,10,3,3_ref_102_rule,872729,969334.0,976471.0,1014496,992861.0,96605.0,2.0,120132.0,23527.0,0
157,10,5,5_ref_100_rule,662291,690927.0,698737.0,795580,776610.0,28636.0,8.0,114319.0,85683.0,0
158,10,5,5_ref_101_rule,662291,698737.0,711028.0,795580,785262.0,36446.0,3.0,122971.0,86525.0,0
159,10,5,5_ref_103_rule,662291,711028.0,728064.0,795580,781490.0,48737.0,9.0,119199.0,70462.0,0
161,10,9,9_ref_101_rule,1642067,1661850.0,1667870.0,1698743,1687418.0,19783.0,2.0,45351.0,25568.0,0
164,10,20,20_ref_100_rule,337552,346402.0,354479.0,419537,373152.0,8850.0,17.0,35600.0,26750.0,0
166,10,27,27_ref_103_rule,1543337,1556600.0,1582480.0,1624820,1600838.0,13263.0,3.0,57501.0,44238.0,0
167,10,27,27_ref_102_rule,1543337,1582480.0,1586951.0,1624820,1607766.0,39143.0,1.0,64429.0,25286.0,0
169,10,28,28_ref_100_rule,172258,181362.0,188707.0,265536,209498.0,9104.0,9.0,37240.0,28136.0,0
170,10,28,28_ref_101_rule,172258,188707.0,194685.0,265536,214153.0,16449.0,4.0,41895.0,25446.0,0
171,10,28,28_ref_104_rule,172258,194685.0,199082.0,265536,220241.0,22427.0,15.0,47983.0,25556.0,0
174,10,60,60_ref_101_rule,1447944,1475396.0,1480517.0,1497328,1491797.0,27452.0,1.0,43853.0,16401.0,0
176,10,62,62_ref_100_rule,1034008,1060754.0,1068706.0,1142698,1129075.0,26746.0,11.0,95067.0,68321.0,0
178,10,66,66_ref_101_rule,1210369,1231770.0,1239248.0,1275789,1251590.0,21401.0,10.0,41221.0,19820.0,0
180,10,72,72_ref_100_rule,47236,61463.0,67658.0,147633,75199.0,14227.0,5.0,27963.0,13736.0,0
183,12,3,3_ref_106_rule,871126,891466.0,912150.0,987395,896033.0,20340.0,5.0,24907.0,4567.0,1
184,12,3,3_ref_101_rule,871126,912150.0,917762.0,987395,972255.0,41024.0,3.0,101129.0,60105.0,0
185,12,3,3_ref_100_rule,871126,917762.0,927904.0,987395,971697.0,46636.0,7.0,100571.0,53935.0,0
186,12,3,3_ref_105_rule,871126,927904.0,939604.0,987395,-1.0,56778.0,0.0,-1.0,,0
187,12,3,3_ref_102_rule,871126,939604.0,948821.0,987395,-1.0,68478.0,0.0,-1.0,,0
189,12,5,5_ref_100_rule,503049,535447.0,549594.0,676637,575366.0,32398.0,1.0,72317.0,39919.0,0
190,12,5,5_ref_103_rule,503049,549594.0,594443.0,676637,550508.0,46545.0,14.0,47459.0,914.0,1
191,12,5,5_ref_101_rule,503049,594443.0,618083.0,676637,-1.0,91394.0,0.0,-1.0,,0
193,12,9,9_ref_101_rule,1040100,1066390.0,1074625.0,1110826,1085793.0,26290.0,6.0,45693.0,19403.0,0
196,12,27,27_ref_103_rule,1415946,1439904.0,1447798.0,1467610,-1.0,23958.0,0.0,-1.0,,0
197,12,27,27_ref_102_rule,1415946,1447798.0,1450887.0,1467610,-1.0,31852.0,0.0,-1.0,,0
199,12,28,28_ref_100_rule,180949,211970.0,215650.0,310649,291937.0,31021.0,1.0,110988.0,79967.0,0
200,12,28,28_ref_101_rule,180949,215650.0,230505.0,310649,292604.0,34701.0,1.0,111655.0,76954.0,0
201,12,28,28_ref_104_rule,180949,230505.0,237067.0,310649,258086.0,49556.0,2.0,77137.0,27581.0,0
204,12,62,62_ref_100_rule,343785,379208.0,384371.0,453816,403934.0,35423.0,6.0,60149.0,24726.0,0
206,12,66,66_ref_101_rule,1488546,1521649.0,1535987.0,1571902,,33103.0,,,,0
208,12,72,72_ref_100_rule,1318323,1336483.0,1345909.0,1394953,-1.0,18160.0,0.0,-1.0,,0
211,13,3,3_ref_106_rule,922626,932403.0,956360.0,1009882,933552.0,9777.0,2.0,10926.0,1149.0,1
212,13,3,3_ref_101_rule,922626,956360.0,965935.0,1009882,958843.0,33734.0,4.0,36217.0,2483.0,1
213,13,3,3_ref_100_rule,922626,965935.0,975469.0,1009882,-1.0,43309.0,0.0,-1.0,,0
214,13,3,3_ref_105_rule,922626,975469.0,988901.0,1009882,1002187.0,52843.0,1.0,79561.0,26718.0,0
215,13,3,3_ref_102_rule,922626,988901.0,992839.0,1009882,-1.0,66275.0,0.0,-1.0,,0
218,13,9,9_ref_101_rule,261905,287044.0,302340.0,358163,335512.0,25139.0,4.0,73607.0,48468.0,0
221,13,20,20_ref_100_rule,614475,621123.0,630807.0,656454,623369.0,6648.0,10.0,8894.0,2246.0,1
223,13,27,27_ref_103_rule,806117,819800.0,839443.0,860453,820914.0,13683.0,6.0,14797.0,1114.0,1
224,13,27,27_ref_102_rule,806117,839443.0,845197.0,860453,-1.0,33326.0,0.0,-1.0,,0
226,13,28,28_ref_100_rule,409194,418391.0,426718.0,479812,473799.0,9197.0,1.0,64605.0,55408.0,0
227,13,28,28_ref_101_rule,409194,426718.0,433704.0,479812,-1.0,17524.0,0.0,-1.0,,0
228,13,28,28_ref_104_rule,409194,433704.0,445378.0,479812,478546.0,24510.0,1.0,69352.0,44842.0,0
231,13,60,60_ref_101_rule,738580,746433.0,751654.0,776204,761323.0,7853.0,5.0,22743.0,14890.0,0
233,13,62,62_ref_100_rule,1164674,1187353.0,1196712.0,1234649,1233350.0,22679.0,2.0,68676.0,45997.0,0
235,13,66,66_ref_101_rule,1032149,1055998.0,1061693.0,1087886,1064244.0,23849.0,9.0,32095.0,8246.0,0
237,13,72,72_ref_100_rule,138058,154599.0,161127.0,221217,188481.0,16541.0,2.0,50423.0,33882.0,0
240,14,3,3_ref_106_rule,93408,105575.0,118773.0,171687,107098.0,12167.0,6.0,13690.0,1523.0,1
241,14,3,3_ref_101_rule,93408,118773.0,133853.0,171687,166740.0,25365.0,1.0,73332.0,47967.0,0
242,14,3,3_ref_100_rule,93408,133853.0,142821.0,171687,-1.0,40445.0,0.0,-1.0,,0
243,14,3,3_ref_105_rule,93408,142821.0,150515.0,171687,-1.0,49413.0,0.0,-1.0,,0
244,14,3,3_ref_102_rule,93408,150515.0,157717.0,171687,161769.0,57107.0,1.0,68361.0,11254.0,0
246,14,5,5_ref_100_rule,520709,537972.0,544225.0,587304,539096.0,17263.0,5.0,18387.0,1124.0,1
247,14,5,5_ref_101_rule,520709,544225.0,556124.0,587304,-1.0,23516.0,0.0,-1.0,,0
249,14,9,9_ref_101_rule,709577,724602.0,731488.0,739198,726199.0,15025.0,7.0,16622.0,1597.0,1
252,14,20,20_ref_100_rule,925359,934671.0,940675.0,950458,944087.0,9312.0,2.0,18728.0,9416.0,0
254,14,27,27_ref_103_rule,201225,220735.0,237322.0,247043,222252.0,19510.0,2.0,21027.0,1517.0,1
255,14,27,27_ref_102_rule,201225,237322.0,241644.0,247043,-1.0,36097.0,0.0,-1.0,,0
257,14,28,28_ref_100_rule,818010,826714.0,834658.0,850570,-1.0,8704.0,0.0,-1.0,,0
258,14,28,28_ref_101_rule,818010,834658.0,839237.0,850570,848222.0,16648.0,2.0,30212.0,13564.0,0
261,14,60,60_ref_101_rule,461252,469658.0,491275.0,495145,-1.0,8406.0,0.0,-1.0,,0
263,14,62,62_ref_100_rule,634146,652008.0,657537.0,671878,668622.0,17862.0,1.0,34476.0,16614.0,0
266,14,72,72_ref_100_rule,311889,323980.0,328310.0,337679,-1.0,12091.0,0.0,-1.0,,0
269,15,3,3_ref_106_rule,366137,392394.0,408989.0,546769,462910.0,26257.0,14.0,96773.0,70516.0,0
270,15,3,3_ref_101_rule,366137,408989.0,417849.0,546769,526791.0,42852.0,5.0,160654.0,117802.0,0
271,15,3,3_ref_100_rule,366137,417849.0,430006.0,546769,479232.0,51712.0,3.0,113095.0,61383.0,0
272,15,3,3_ref_105_rule,366137,430006.0,443170.0,546769,459879.0,63869.0,15.0,93742.0,29873.0,0
273,15,3,3_ref_102_rule,366137,443170.0,447134.0,546769,500542.0,77033.0,5.0,134405.0,57372.0,0
275,15,5,5_ref_100_rule,1289457,1322057.0,1328976.0,1476010,1395807.0,32600.0,8.0,106350.0,73750.0,0
276,15,5,5_ref_101_rule,1289457,1328976.0,1335679.0,1476010,1430734.0,39519.0,1.0,141277.0,101758.0,0
277,15,5,5_ref_103_rule,1289457,1335679.0,1365281.0,1476010,1403335.0,46222.0,57.0,113878.0,67656.0,0
279,15,9,9_ref_101_rule,679069,707430.0,715490.0,765684,734531.0,28361.0,4.0,55462.0,27101.0,0
282,15,20,20_ref_100_rule,598292,613969.0,621738.0,662339,637248.0,15677.0,8.0,38956.0,23279.0,0
284,15,27,27_ref_103_rule,1177844,1200278.0,1211685.0,1260402,1221264.0,22434.0,10.0,43420.0,20986.0,0
285,15,27,27_ref_102_rule,1177844,1211685.0,1216898.0,1260402,1248911.0,33841.0,3.0,71067.0,37226.0,0
287,15,28,28_ref_100_rule,1731198,1746264.0,1754358.0,1841912,1785944.0,15066.0,10.0,54746.0,39680.0,0
288,15,28,28_ref_101_rule,1731198,1754358.0,1761652.0,1841912,1796420.0,23160.0,5.0,65222.0,42062.0,0
289,15,28,28_ref_104_rule,1731198,1761652.0,1773509.0,1841912,1780089.0,30454.0,4.0,48891.0,18437.0,0
292,15,60,60_ref_101_rule,1626396,1637433.0,1647001.0,1705898,1654077.0,11037.0,11.0,27681.0,16644.0,0
294,15,62,62_ref_100_rule,229641,248374.0,256193.0,313182,251267.0,18733.0,11.0,21626.0,2893.0,1
297,15,72,72_ref_100_rule,932957,947550.0,956060.0,1021761,964543.0,14593.0,9.0,31586.0,16993.0,0
300,17,3,3_ref_106_rule,215341,236077.0,250891.0,277896,266288.0,20736.0,4.0,50947.0,30211.0,0
302,17,5,5_ref_100_rule,514290,533368.0,542661.0,569035,-1.0,19078.0,0.0,-1.0,,0
306,17,20,20_ref_100_rule,362038,368019.0,373631.0,392450,380325.0,5981.0,3.0,18287.0,12306.0,0
308,17,27,27_ref_103_rule,592344,604056.0,616322.0,627636,624330.0,11712.0,5.0,31986.0,20274.0,0
310,17,28,28_ref_100_rule,95723,103302.0,107025.0,136720,129392.0,7579.0,3.0,33669.0,26090.0,0
311,17,28,28_ref_101_rule,95723,107025.0,114719.0,136720,131907.0,11302.0,2.0,36184.0,24882.0,0
314,17,60,60_ref_101_rule,411353,416557.0,423260.0,440283,-1.0,5204.0,0.0,-1.0,,0
316,17,62,62_ref_101_rule,685654,693280.0,708801.0,716108,712244.0,7626.0,1.0,26590.0,18964.0,0
319,17,72,72_ref_100_rule,780238,785959.0,793653.0,812432,799566.0,5721.0,6.0,19328.0,13607.0,0
322,18,3,3_ref_106_rule,630906,651638.0,669633.0,729612,719377.0,20732.0,1.0,88471.0,67739.0,0
323,18,3,3_ref_101_rule,630906,669633.0,680524.0,729612,722758.0,38727.0,1.0,91852.0,53125.0,0
324,18,3,3_ref_100_rule,630906,680524.0,689825.0,729612,-1.0,49618.0,0.0,-1.0,,0
325,18,3,3_ref_105_rule,630906,689825.0,702424.0,729612,723649.0,58919.0,4.0,92743.0,33824.0,0
327,18,5,5_ref_100_rule,1027495,1050744.0,1063209.0,1128126,1115051.0,23249.0,6.0,87556.0,64307.0,0
328,18,5,5_ref_101_rule,1027495,1063209.0,1068838.0,1128126,-1.0,35714.0,0.0,-1.0,,0
329,18,5,5_ref_103_rule,1027495,1068838.0,1080187.0,1128126,1112769.0,41343.0,2.0,85274.0,43931.0,0
333,18,20,20_ref_100_rule,1250649,1263354.0,1275852.0,1317735,1277297.0,12705.0,7.0,26648.0,13943.0,0
335,18,27,27_ref_103_rule,267442,291510.0,308048.0,354465,321455.0,24068.0,6.0,54013.0,29945.0,0
336,18,27,27_ref_102_rule,267442,308048.0,316191.0,354465,-1.0,40606.0,0.0,-1.0,,0
338,18,28,28_ref_100_rule,374976,386279.0,391191.0,411075,405479.0,11303.0,3.0,30503.0,19200.0,0
339,18,28,28_ref_101_rule,374976,391191.0,403915.0,411075,-1.0,16215.0,0.0,-1.0,,0
342,18,60,60_ref_101_rule,481268,491530.0,512080.0,529968,508341.0,10262.0,2.0,27073.0,16811.0,1
346,18,72,72_ref_100_rule,1159087,1171625.0,1181875.0,1223259,-1.0,12538.0,0.0,-1.0,,0
349,20,3,3_ref_106_rule,797161,813567.0,826316.0,934074,-1.0,16406.0,0.0,-1.0,,0
350,20,3,3_ref_101_rule,797161,826316.0,833485.0,934074,-1.0,29155.0,0.0,-1.0,,0
351,20,3,3_ref_100_rule,797161,833485.0,840755.0,934074,-1.0,36324.0,0.0,-1.0,,0
352,20,3,3_ref_105_rule,797161,840755.0,849789.0,934074,-1.0,43594.0,0.0,-1.0,,0
353,20,3,3_ref_102_rule,797161,849789.0,860090.0,934074,-1.0,52628.0,0.0,-1.0,,0
355,20,5,5_ref_100_rule,339106,367502.0,386287.0,469740,369543.0,28396.0,4.0,30437.0,2041.0,1
356,20,5,5_ref_101_rule,339106,386287.0,393732.0,469740,-1.0,47181.0,0.0,-1.0,,0
357,20,5,5_ref_103_rule,339106,393732.0,418329.0,469740,395742.0,54626.0,7.0,56636.0,2010.0,1
359,20,9,9_ref_101_rule,512127,535448.0,552993.0,586758,-1.0,23321.0,0.0,-1.0,,0
362,20,20,20_ref_100_rule,44612,53843.0,62236.0,115379,71967.0,9231.0,1.0,27355.0,18124.0,0
364,20,27,27_ref_103_rule,139504,156131.0,180920.0,223229,157300.0,16627.0,3.0,17796.0,1169.0,1
365,20,27,27_ref_102_rule,139504,180920.0,188006.0,223229,-1.0,41416.0,0.0,-1.0,,0
367,20,28,28_ref_100_rule,1465928,1475116.0,1480162.0,1575710,1535288.0,9188.0,6.0,69360.0,60172.0,0
368,20,28,28_ref_101_rule,1465928,1480162.0,1487032.0,1575710,-1.0,14234.0,0.0,-1.0,,0
369,20,28,28_ref_104_rule,1465928,1487032.0,1491795.0,1575710,-1.0,21104.0,0.0,-1.0,,0
372,20,60,60_ref_101_rule,705492,714069.0,719298.0,770846,723871.0,8577.0,1.0,18379.0,9802.0,0
374,20,62,62_ref_100_rule,1045671,1073775.0,1078080.0,1159142,-1.0,28104.0,0.0,-1.0,,0
376,20,66,66_ref_101_rule,962312,998583.0,1003413.0,1031414,-1.0,36271.0,0.0,-1.0,,0
378,20,72,72_ref_100_rule,1381553,1389290.0,1395643.0,1431144,-1.0,7737.0,0.0,-1.0,,0
381,21,3,3_ref_106_rule,294559,310617.0,330010.0,405456,318484.0,16058.0,7.0,23925.0,7867.0,1
382,21,3,3_ref_101_rule,294559,330010.0,342733.0,405456,387402.0,35451.0,2.0,92843.0,57392.0,0
383,21,3,3_ref_100_rule,294559,342733.0,358346.0,405456,387044.0,48174.0,5.0,92485.0,44311.0,0
384,21,3,3_ref_105_rule,294559,358346.0,369529.0,405456,394072.0,63787.0,2.0,99513.0,35726.0,0
385,21,3,3_ref_102_rule,294559,369529.0,376731.0,405456,399502.0,74970.0,2.0,104943.0,29973.0,0
387,21,5,5_ref_100_rule,766163,778305.0,783909.0,831742,822616.0,12142.0,3.0,56453.0,44311.0,0
388,21,5,5_ref_101_rule,766163,783909.0,786948.0,831742,827404.0,17746.0,1.0,61241.0,43495.0,0
389,21,5,5_ref_103_rule,766163,786948.0,792144.0,831742,798873.0,20785.0,17.0,32710.0,11925.0,0
391,21,9,9_ref_101_rule,56193,69111.0,74057.0,97013,83723.0,12918.0,4.0,27530.0,14612.0,0
394,21,20,20_ref_100_rule,609231,616963.0,621501.0,631432,623679.0,7732.0,3.0,14448.0,6716.0,0
396,21,27,27_ref_103_rule,490863,512269.0,518148.0,539921,523724.0,21406.0,15.0,32861.0,11455.0,0
398,21,28,28_ref_101_rule,701700,717960.0,723930.0,746568,-1.0,16260.0,0.0,-1.0,,0
401,21,60,60_ref_101_rule,661862,670680.0,682454.0,688967,679732.0,8818.0,1.0,17870.0,9052.0,1
403,21,66,66_ref_101_rule,911929,923892.0,926856.0,937178,-1.0,11963.0,0.0,-1.0,,0
405,21,72,72_ref_100_rule,864845,875954.0,881317.0,898038,-1.0,11109.0,0.0,-1.0,,0
408,22,3,3_ref_106_rule,1285069,1305753.0,1329168.0,1407549,1387755.0,20684.0,4.0,102686.0,82002.0,0
409,22,3,3_ref_101_rule,1285069,1329168.0,1337345.0,1407549,1388571.0,44099.0,1.0,103502.0,59403.0,0
410,22,3,3_ref_100_rule,1285069,1337345.0,1347404.0,1407549,1389129.0,52276.0,1.0,104060.0,51784.0,0
411,22,3,3_ref_105_rule,1285069,1347404.0,1358528.0,1407549,-1.0,62335.0,0.0,-1.0,,0
412,22,3,3_ref_102_rule,1285069,1358528.0,1369178.0,1407549,1390445.0,73459.0,2.0,105376.0,31917.0,0
414,22,5,5_ref_100_rule,1448755,1483148.0,1509436.0,1605820,1494199.0,34393.0,19.0,45444.0,11051.0,1
415,22,5,5_ref_101_rule,1448755,1509436.0,1525382.0,1605820,1591038.0,60681.0,1.0,142283.0,81602.0,0
416,22,5,5_ref_103_rule,1448755,1525382.0,1537106.0,1605820,1565456.0,76627.0,18.0,116701.0,40074.0,0
418,22,9,9_ref_101_rule,1069861,1095606.0,1112967.0,1146149,1130552.0,25745.0,3.0,60691.0,34946.0,0
421,22,20,20_ref_100_rule,1640695,1649144.0,1664249.0,1714653,1677903.0,8449.0,9.0,37208.0,28759.0,0
423,22,27,27_ref_103_rule,1183915,1203540.0,1215722.0,1261735,1227435.0,19625.0,6.0,43520.0,23895.0,0
424,22,27,27_ref_102_rule,1183915,1215722.0,1220552.0,1261735,1251576.0,31807.0,5.0,67661.0,35854.0,0
426,22,28,28_ref_100_rule,451766,466799.0,486967.0,538823,468913.0,15033.0,12.0,17147.0,2114.0,1
427,22,28,28_ref_101_rule,451766,486967.0,502389.0,538823,516888.0,35201.0,2.0,65122.0,29921.0,0
428,22,28,28_ref_104_rule,451766,502389.0,507027.0,538823,508685.0,50623.0,8.0,56919.0,6296.0,0
431,22,60,60_ref_101_rule,710852,727148.0,745093.0,827197,779645.0,16296.0,2.0,68793.0,52497.0,0
433,22,62,62_ref_100_rule,582609,612637.0,618641.0,673045,652160.0,30028.0,13.0,69551.0,39523.0,0
435,22,66,66_ref_101_rule,233394,264321.0,273697.0,321166,276173.0,30927.0,16.0,42779.0,11852.0,0
437,22,72,72_ref_100_rule,862972,884677.0,900182.0,935247,912063.0,21705.0,4.0,49091.0,27386.0,0
440,24,3,3_ref_106_rule,315919,334464.0,346713.0,404332,354151.0,18545.0,4.0,38232.0,19687.0,0
441,24,3,3_ref_101_rule,315919,346713.0,351492.0,404332,-1.0,30794.0,0.0,-1.0,,0
442,24,3,3_ref_100_rule,315919,351492.0,360918.0,404332,393490.0,35573.0,2.0,77571.0,41998.0,0
443,24,3,3_ref_105_rule,315919,360918.0,370086.0,404332,374228.0,44999.0,2.0,58309.0,13310.0,0
444,24,3,3_ref_102_rule,315919,370086.0,380595.0,404332,373770.0,54167.0,2.0,57851.0,3684.0,1
446,24,5,5_ref_100_rule,709045,737396.0,742875.0,808868,746768.0,28351.0,7.0,37723.0,9372.0,0
447,24,5,5_ref_101_rule,709045,742875.0,753575.0,808868,745203.0,33830.0,2.0,36158.0,2328.0,1
448,24,5,5_ref_103_rule,709045,753575.0,761902.0,808868,756361.0,44530.0,9.0,47316.0,2786.0,1
450,24,9,9_ref_101_rule,1333861,1351739.0,1370034.0,1383084,1357427.0,17878.0,4.0,23566.0,5688.0,1
453,24,20,20_ref_100_rule,1059410,1070623.0,1086278.0,1102081,1072601.0,11213.0,2.0,13191.0,1978.0,1
455,24,27,27_ref_103_rule,1123890,1144566.0,1159688.0,1183066,1172623.0,20676.0,2.0,48733.0,28057.0,0
456,24,27,27_ref_102_rule,1123890,1159688.0,1161686.0,1183066,1175646.0,35798.0,2.0,51756.0,15958.0,0
458,24,28,28_ref_100_rule,607783,635225.0,650463.0,689150,643166.0,27442.0,3.0,35383.0,7941.0,1
459,24,28,28_ref_101_rule,607783,650463.0,663395.0,689150,-1.0,42680.0,0.0,-1.0,,0
460,24,28,28_ref_104_rule,607783,663395.0,671414.0,689150,-1.0,55612.0,0.0,-1.0,,0
463,24,60,60_ref_101_rule,253320,265050.0,269588.0,296049,280226.0,11730.0,2.0,26906.0,15176.0,0
465,24,62,62_ref_100_rule,959147,978461.0,981791.0,1022203,990467.0,19314.0,2.0,31320.0,12006.0,0
467,24,66,66_ref_101_rule,440941,466646.0,474831.0,497402,-1.0,25705.0,0.0,-1.0,,0
469,24,72,72_ref_100_rule,1263859,1277005.0,1282734.0,1312667,1292339.0,13146.0,2.0,28480.0,15334.0,0
472,25,3,3_ref_106_rule,430843,442668.0,457606.0,518682,446615.0,11825.0,10.0,15772.0,3947.0,1
473,25,3,3_ref_101_rule,430843,457606.0,485376.0,518682,462454.0,26763.0,7.0,31611.0,4848.0,1
474,25,3,3_ref_100_rule,430843,485376.0,501954.0,518682,-1.0,54533.0,0.0,-1.0,,0
476,25,9,9_ref_101_rule,318930,334096.0,340266.0,355479,342971.0,15166.0,3.0,24041.0,8875.0,0
479,25,20,20_ref_100_rule,135016,144978.0,154729.0,168226,158466.0,9962.0,8.0,23450.0,13488.0,0
482,25,28,28_ref_100_rule,775945,793864.0,814138.0,823404,794723.0,17919.0,11.0,18778.0,859.0,1
485,25,60,60_ref_101_rule,185755,192499.0,217596.0,234205,206865.0,6744.0,5.0,21110.0,14366.0,1
489,29,3,3_ref_106_rule,87682,107501.0,123456.0,205684,169558.0,19819.0,7.0,81876.0,62057.0,0
490,29,3,3_ref_101_rule,87682,123456.0,131375.0,205684,158716.0,35774.0,4.0,71034.0,35260.0,0
491,29,3,3_ref_100_rule,87682,131375.0,141625.0,205684,159332.0,43693.0,4.0,71650.0,27957.0,0
492,29,3,3_ref_105_rule,87682,141625.0,149294.0,205684,166544.0,53943.0,4.0,78862.0,24919.0,0
493,29,3,3_ref_102_rule,87682,149294.0,157221.0,205684,-1.0,61612.0,0.0,-1.0,,0
495,29,5,5_ref_100_rule,418171,446149.0,462345.0,539260,521806.0,27978.0,8.0,103635.0,75657.0,0
496,29,5,5_ref_101_rule,418171,462345.0,467599.0,539260,523663.0,44174.0,2.0,105492.0,61318.0,0
497,29,5,5_ref_103_rule,418171,467599.0,478199.0,539260,508948.0,49428.0,28.0,90777.0,41349.0,0
499,29,9,9_ref_101_rule,1334365,1346468.0,1356352.0,1376661,1365027.0,12103.0,6.0,30662.0,18559.0,0
502,29,20,20_ref_100_rule,1035224,1045119.0,1051755.0,1091268,1067452.0,9895.0,11.0,32228.0,22333.0,0
504,29,27,27_ref_103_rule,1115119,1133591.0,1150270.0,1184312,1167174.0,18472.0,7.0,52055.0,33583.0,0
505,29,27,27_ref_102_rule,1115119,1150270.0,1157756.0,1184312,1179090.0,35151.0,1.0,63971.0,28820.0,0
507,29,28,28_ref_100_rule,938059,950150.0,963423.0,1015046,982511.0,12091.0,6.0,44452.0,32361.0,0
508,29,28,28_ref_101_rule,938059,963423.0,969286.0,1015046,982902.0,25364.0,2.0,44843.0,19479.0,0
509,29,28,28_ref_104_rule,938059,969286.0,975081.0,1015046,988690.0,31227.0,17.0,50631.0,19404.0,0
512,29,60,60_ref_101_rule,255724,269576.0,281600.0,305582,286470.0,13852.0,4.0,30746.0,16894.0,0
514,29,62,62_ref_100_rule,835290,867747.0,877656.0,901734,892884.0,32457.0,4.0,57594.0,25137.0,0
516,29,66,66_ref_101_rule,329232,358158.0,363970.0,404630,385701.0,28926.0,6.0,56469.0,27543.0,0
518,29,72,72_ref_100_rule,585045,599138.0,608523.0,637359,631404.0,14093.0,1.0,46359.0,32266.0,0
521,30,3,3_ref_106_rule,52748,59805.0,84978.0,145325,122824.0,7057.0,2.0,70076.0,63019.0,0
522,30,3,3_ref_101_rule,52748,84978.0,98368.0,145325,120868.0,32230.0,2.0,68120.0,35890.0,0
523,30,3,3_ref_100_rule,52748,98368.0,110267.0,145325,124848.0,45620.0,5.0,72100.0,26480.0,0
524,30,3,3_ref_105_rule,52748,110267.0,118402.0,145325,121059.0,57519.0,6.0,68311.0,10792.0,0
526,30,5,5_ref_100_rule,658953,674795.0,682506.0,734376,713191.0,15842.0,2.0,54238.0,38396.0,0
527,30,5,5_ref_101_rule,658953,682506.0,688210.0,734376,-1.0,23553.0,0.0,-1.0,,0
528,30,5,5_ref_103_rule,658953,688210.0,699560.0,734376,693371.0,29257.0,16.0,34418.0,5161.0,1
530,30,9,9_ref_101_rule,895713,906152.0,915803.0,939815,917931.0,10439.0,9.0,22218.0,11779.0,0
533,30,20,20_ref_100_rule,256415,260952.0,268230.0,281381,274894.0,4537.0,4.0,18479.0,13942.0,0
535,30,27,27_ref_103_rule,777871,790873.0,800066.0,821581,807975.0,13002.0,10.0,30104.0,17102.0,0
537,30,28,28_ref_101_rule,577518,584664.0,593948.0,633279,605690.0,7146.0,1.0,28172.0,21026.0,0
538,30,28,28_ref_104_rule,577518,593948.0,604124.0,633279,624418.0,16430.0,1.0,46900.0,30470.0,0
539,30,28,28_ref_100_rule,577518,604124.0,620878.0,633279,609296.0,26606.0,4.0,31778.0,5172.0,1
542,30,60,60_ref_101_rule,181642,187050.0,201323.0,228351,187954.0,5408.0,9.0,6312.0,904.0,1
544,30,62,62_ref_100_rule,962974,973060.0,986375.0,1000082,993603.0,10086.0,4.0,30629.0,20543.0,0
546,30,66,66_ref_101_rule,373717,394476.0,402886.0,421866,403071.0,20759.0,5.0,29354.0,8595.0,0
548,30,72,72_ref_100_rule,836979,843017.0,847905.0,877708,868215.0,6038.0,2.0,31236.0,25198.0,0
551,34,3,3_ref_106_rule,1528528,1543529.0,1562681.0,1639333,1622378.0,15001.0,3.0,93850.0,78849.0,0
552,34,3,3_ref_101_rule,1528528,1562681.0,1566644.0,1639333,1626001.0,34153.0,1.0,97473.0,63320.0,0
553,34,3,3_ref_100_rule,1528528,1566644.0,1578027.0,1639333,1624577.0,38116.0,3.0,96049.0,57933.0,0
554,34,3,3_ref_105_rule,1528528,1578027.0,1604797.0,1639333,1626525.0,49499.0,5.0,97997.0,48498.0,0
555,34,3,3_ref_102_rule,1528528,1604797.0,1607328.0,1639333,1629740.0,76269.0,3.0,101212.0,24943.0,0
557,34,5,5_ref_100_rule,798128,824704.0,854838.0,940751,919476.0,26576.0,3.0,121348.0,94772.0,0
558,34,5,5_ref_101_rule,798128,854838.0,864947.0,940751,923865.0,56710.0,5.0,125737.0,69027.0,0
559,34,5,5_ref_103_rule,798128,864947.0,876063.0,940751,920850.0,66819.0,17.0,122722.0,55903.0,0
561,34,9,9_ref_101_rule,1179454,1201373.0,1209134.0,1251812,1223148.0,21919.0,5.0,43694.0,21775.0,0
564,34,20,20_ref_100_rule,706467,716214.0,728496.0,773862,742159.0,9747.0,17.0,35692.0,25945.0,0
566,34,27,27_ref_103_rule,208296,231426.0,248138.0,285476,234203.0,23130.0,8.0,25907.0,2777.0,1
567,34,27,27_ref_102_rule,208296,248138.0,254192.0,285476,269279.0,39842.0,4.0,60983.0,21141.0,0
569,34,28,28_ref_100_rule,73223,92269.0,97464.0,177159,149262.0,19046.0,10.0,76039.0,56993.0,0
570,34,28,28_ref_101_rule,73223,97464.0,110454.0,177159,153276.0,24241.0,6.0,80053.0,55812.0,0
573,34,60,60_ref_101_rule,623059,631772.0,647043.0,677046,650115.0,8713.0,13.0,27056.0,18343.0,0
575,34,62,62_ref_100_rule,1279401,1303126.0,1312785.0,1350593,1337943.0,23725.0,6.0,58542.0,34817.0,0
577,34,66,66_ref_101_rule,982682,1008668.0,1021707.0,1083361,1055930.0,25986.0,5.0,73248.0,47262.0,0
579,34,72,72_ref_100_rule,1425000,1439428.0,1448196.0,1502563,1459510.0,14428.0,7.0,34510.0,20082.0,0
582,35,3,3_ref_106_rule,421618,432075.0,464308.0,512987,443661.0,10457.0,2.0,22043.0,11586.0,1
583,35,3,3_ref_101_rule,421618,464308.0,476473.0,512987,469835.0,42690.0,3.0,48217.0,5527.0,1
584,35,3,3_ref_100_rule,421618,476473.0,483210.0,512987,511105.0,54855.0,2.0,89487.0,34632.0,0
585,35,3,3_ref_105_rule,421618,483210.0,495042.0,512987,-1.0,61592.0,0.0,-1.0,,0
586,35,3,3_ref_102_rule,421618,495042.0,506966.0,512987,501320.0,73424.0,1.0,79702.0,6278.0,1
588,35,5,5_ref_100_rule,865875,882924.0,902375.0,948717,883746.0,17049.0,3.0,17871.0,822.0,1
589,35,5,5_ref_101_rule,865875,902375.0,907937.0,948717,-1.0,36500.0,0.0,-1.0,,0
590,35,5,5_ref_103_rule,865875,907937.0,919511.0,948717,911002.0,42062.0,11.0,45127.0,3065.0,1
592,35,9,9_ref_101_rule,986532,1007160.0,1013963.0,1029161,1017236.0,20628.0,4.0,30704.0,10076.0,0
595,35,20,20_ref_100_rule,824645,830181.0,839341.0,848695,846330.0,5536.0,3.0,21685.0,16149.0,0
597,35,27,27_ref_103_rule,671927,694712.0,710408.0,726697,699050.0,22785.0,23.0,27123.0,4338.0,1
598,35,27,27_ref_102_rule,671927,710408.0,713772.0,726697,711682.0,38481.0,4.0,39755.0,1274.0,1
600,35,28,28_ref_100_rule,370603,377759.0,381705.0,404197,395428.0,7156.0,4.0,24825.0,17669.0,0
601,35,28,28_ref_101_rule,370603,381705.0,388800.0,404197,395911.0,11102.0,5.0,25308.0,14206.0,0
604,35,60,60_ref_101_rule,743677,748162.0,755390.0,761065,755660.0,4485.0,2.0,11983.0,7498.0,0
606,35,62,62_ref_100_rule,178703,196707.0,200238.0,242134,202986.0,18004.0,4.0,24283.0,6279.0,0
608,35,66,66_ref_101_rule,550261,568876.0,577894.0,594472,581006.0,18615.0,6.0,30745.0,12130.0,0
610,35,72,72_ref_102_rule,605889,612092.0,637448.0,650466,626633.0,6203.0,2.0,20744.0,14541.0,1
613,37,3,3_ref_106_rule,824709,838080.0,857075.0,919643,901455.0,13371.0,5.0,76746.0,63375.0,0
614,37,3,3_ref_101_rule,824709,857075.0,874403.0,919643,911074.0,32366.0,1.0,86365.0,53999.0,0
615,37,3,3_ref_100_rule,824709,874403.0,878433.0,919643,900614.0,49694.0,2.0,75905.0,26211.0,0
616,37,3,3_ref_105_rule,824709,878433.0,885952.0,919643,900731.0,53724.0,4.0,76022.0,22298.0,0
617,37,3,3_ref_102_rule,824709,885952.0,893930.0,919643,-1.0,61243.0,0.0,-1.0,,0
619,37,5,5_ref_100_rule,1062693,1085850.0,1094760.0,1166171,1148417.0,23157.0,9.0,85724.0,62567.0,0
620,37,5,5_ref_101_rule,1062693,1094760.0,1101339.0,1166171,-1.0,32067.0,0.0,-1.0,,0
621,37,5,5_ref_103_rule,1062693,1101339.0,1108766.0,1166171,1155636.0,38646.0,15.0,92943.0,54297.0,0
623,37,9,9_ref_101_rule,226593,247137.0,256721.0,270529,261818.0,20544.0,3.0,35225.0,14681.0,0
626,37,20,20_ref_100_rule,520821,528307.0,554595.0,582445,538342.0,7486.0,3.0,17521.0,10035.0,1
628,37,27,27_ref_103_rule,946799,959963.0,980172.0,994765,972414.0,13164.0,2.0,25615.0,12451.0,1
629,37,27,27_ref_102_rule,946799,980172.0,983670.0,994765,-1.0,33373.0,0.0,-1.0,,0
631,37,28,28_ref_100_rule,382310,393642.0,396815.0,445957,441319.0,11332.0,1.0,59009.0,47677.0,0
632,37,28,28_ref_101_rule,382310,396815.0,407324.0,445957,398915.0,14505.0,1.0,16605.0,2100.0,1
633,37,28,28_ref_104_rule,382310,407324.0,415326.0,445957,443817.0,25014.0,2.0,61507.0,36493.0,0
636,37,60,60_ref_101_rule,464528,474415.0,490478.0,502817,477311.0,9887.0,8.0,12783.0,2896.0,1
638,37,62,62_ref_100_rule,300475,325353.0,332139.0,352439,345036.0,24878.0,5.0,44561.0,19683.0,0
640,37,66,66_ref_101_rule,1008997,1032882.0,1047771.0,1053741,1043997.0,23885.0,2.0,35000.0,11115.0,1
642,37,72,72_ref_100_rule,595369,603675.0,611336.0,631619,617313.0,8306.0,2.0,21944.0,13638.0,0
645,38,3,3_ref_106_rule,919192,928529.0,964610.0,1068537,1044513.0,9337.0,3.0,125321.0,115984.0,0
646,38,3,3_ref_101_rule,919192,964610.0,979773.0,1068537,1043455.0,45418.0,3.0,124263.0,78845.0,0
647,38,3,3_ref_100_rule,919192,979773.0,994936.0,1068537,1045229.0,60581.0,6.0,126037.0,65456.0,0
648,38,3,3_ref_105_rule,919192,994936.0,1021774.0,1068537,1049426.0,75744.0,5.0,130234.0,54490.0,0
649,38,3,3_ref_102_rule,919192,1021774.0,1026695.0,1068537,1022961.0,102582.0,7.0,103769.0,1187.0,1
651,38,5,5_ref_100_rule,330936,362652.0,388857.0,454091,366294.0,31716.0,2.0,35358.0,3642.0,1
652,38,5,5_ref_101_rule,330936,388857.0,394786.0,454091,-1.0,57921.0,0.0,-1.0,,0
653,38,5,5_ref_103_rule,330936,394786.0,410282.0,454091,396074.0,63850.0,17.0,65138.0,1288.0,1
655,38,9,9_ref_101_rule,664312,692412.0,714554.0,745572,726043.0,28100.0,2.0,61731.0,33631.0,0
659,38,27,27_ref_103_rule,767789,785241.0,805433.0,844902,794388.0,17452.0,2.0,26599.0,9147.0,1
660,38,27,27_ref_102_rule,767789,805433.0,818498.0,844902,810684.0,37644.0,7.0,42895.0,5251.0,1
665,38,62,62_ref_100_rule,1168235,1189535.0,1218213.0,1255549,1191568.0,21300.0,15.0,23333.0,2033.0,1
668,38,72,72_ref_100_rule,244778,260340.0,271456.0,301698,280104.0,15562.0,7.0,35326.0,19764.0,0
671,39,3,3_ref_106_rule,392892,407666.0,425294.0,499585,431382.0,14774.0,5.0,38490.0,23716.0,0
672,39,3,3_ref_101_rule,392892,425294.0,455230.0,499585,426111.0,32402.0,1.0,33219.0,817.0,1
673,39,3,3_ref_100_rule,392892,455230.0,466846.0,499585,456515.0,62338.0,2.0,63623.0,1285.0,1
674,39,3,3_ref_105_rule,392892,466846.0,481501.0,499585,468157.0,73954.0,2.0,75265.0,1311.0,1
675,39,3,3_ref_102_rule,392892,481501.0,490711.0,499585,484729.0,88609.0,1.0,91837.0,3228.0,1
677,39,5,5_ref_100_rule,1179836,1202242.0,1223059.0,1262853,1203719.0,22406.0,3.0,23883.0,1477.0,1
678,39,5,5_ref_101_rule,1179836,1223059.0,1227456.0,1262853,-1.0,43223.0,0.0,-1.0,,0
679,39,5,5_ref_103_rule,1179836,1227456.0,1238289.0,1262853,1230184.0,47620.0,15.0,50348.0,2728.0,1
681,39,9,9_ref_101_rule,1306289,1322282.0,1336255.0,1351765,1325392.0,15993.0,2.0,19103.0,3110.0,1
684,39,20,20_ref_100_rule,593385,598337.0,616131.0,628719,599914.0,4952.0,4.0,6529.0,1577.0,1
686,39,27,27_ref_103_rule,640228,661422.0,676519.0,688586,663054.0,21194.0,2.0,22826.0,1632.0,1
687,39,27,27_ref_102_rule,640228,676519.0,680741.0,688586,-1.0,36291.0,0.0,-1.0,,0
689,39,28,28_ref_100_rule,1098109,1105757.0,1112111.0,1147650,1108319.0,7648.0,6.0,10210.0,2562.0,1
690,39,28,28_ref_101_rule,1098109,1112111.0,1125234.0,1147650,1144452.0,14002.0,1.0,46343.0,32341.0,0
691,39,28,28_ref_104_rule,1098109,1125234.0,1131729.0,1147650,1129196.0,27125.0,1.0,31087.0,3962.0,1
694,39,60,60_ref_101_rule,339954,345289.0,359012.0,374696,345941.0,5335.0,6.0,5987.0,652.0,1
696,39,62,62_ref_100_rule,833202,859046.0,876242.0,912821,861166.0,25844.0,6.0,27964.0,2120.0,1
698,39,66,66_ref_101_rule,250523,272220.0,298816.0,313338,301880.0,21697.0,3.0,51357.0,29660.0,0
700,39,72,72_ref_100_rule,771637,779282.0,796103.0,811667,782405.0,7645.0,2.0,10768.0,3123.0,1
703,41,3,3_ref_106_rule,534266,543906.0,553507.0,584339,-1.0,9640.0,0.0,-1.0,,0
704,41,3,3_ref_101_rule,534266,553507.0,558328.0,584339,-1.0,19241.0,0.0,-1.0,,0
705,41,3,3_ref_100_rule,534266,558328.0,563982.0,584339,-1.0,24062.0,0.0,-1.0,,0
706,41,3,3_ref_105_rule,534266,563982.0,570552.0,584339,-1.0,29716.0,0.0,-1.0,,0
707,41,3,3_ref_102_rule,534266,570552.0,573433.0,584339,-1.0,36286.0,0.0,-1.0,,0
709,41,5,5_ref_100_rule,758943,771790.0,777961.0,853069,-1.0,12847.0,0.0,-1.0,,0
710,41,5,5_ref_101_rule,758943,777961.0,783390.0,853069,812473.0,19018.0,1.0,53530.0,34512.0,0
711,41,5,5_ref_103_rule,758943,783390.0,788286.0,853069,809766.0,24447.0,2.0,50823.0,26376.0,0
713,41,9,9_ref_101_rule,190905,205104.0,212857.0,223374,-1.0,14199.0,0.0,-1.0,,0
716,41,20,20_ref_100_rule,279669,284869.0,289724.0,294758,-1.0,5200.0,0.0,-1.0,,0
718,41,27,27_ref_103_rule,662518,675372.0,685797.0,712617,-1.0,12854.0,0.0,-1.0,,0
719,41,27,27_ref_102_rule,662518,685797.0,688296.0,712617,-1.0,23279.0,0.0,-1.0,,0
721,41,28,28_ref_101_rule,139790,154326.0,161346.0,174624,-1.0,14536.0,0.0,-1.0,,0
722,41,28,28_ref_104_rule,139790,161346.0,166117.0,174624,-1.0,21556.0,0.0,-1.0,,0
725,41,60,60_ref_101_rule,398187,405528.0,412722.0,418032,-1.0,7341.0,0.0,-1.0,,0
728,41,66,66_ref_101_rule,436653,456173.0,463325.0,472128,461044.0,19520.0,1.0,24391.0,4871.0,1
730,41,72,72_ref_100_rule,241437,248114.0,252985.0,260074,-1.0,6677.0,0.0,-1.0,,0
733,42,3,3_ref_106_rule,1089449,1118617.0,1133897.0,1159243,1147051.0,29168.0,8.0,57602.0,28434.0,0
734,42,3,3_ref_100_rule,1089449,1133897.0,1137477.0,1159243,1148134.0,44448.0,4.0,58685.0,14237.0,0
736,42,5,5_ref_100_rule,1238154,1267769.0,1275188.0,1328732,1269150.0,29615.0,12.0,30996.0,1381.0,1
737,42,5,5_ref_101_rule,1238154,1275188.0,1283190.0,1328732,-1.0,37034.0,0.0,-1.0,,0
738,42,5,5_ref_103_rule,1238154,1283190.0,1288527.0,1328732,1289552.0,45036.0,12.0,51398.0,6362.0,0
740,42,9,9_ref_101_rule,838932,853646.0,866469.0,896533,865255.0,14714.0,5.0,26323.0,11609.0,1
743,42,20,20_ref_100_rule,279795,321163.0,338408.0,372889,321808.0,41368.0,10.0,42013.0,645.0,1
745,42,27,27_ref_103_rule,708380,723305.0,736203.0,761476,729765.0,14925.0,11.0,21385.0,6460.0,1
746,42,27,27_ref_102_rule,708380,736203.0,738776.0,761476,743006.0,27823.0,2.0,34626.0,6803.0,0
748,42,28,28_ref_100_rule,932308,943868.0,951662.0,984181,971340.0,11560.0,11.0,39032.0,27472.0,0
749,42,28,28_ref_101_rule,932308,951662.0,960655.0,984181,-1.0,19354.0,0.0,-1.0,,0
750,42,28,28_ref_104_rule,932308,960655.0,968191.0,984181,968758.0,28347.0,3.0,36450.0,8103.0,0
753,42,60,60_ref_101_rule,575148,584270.0,603080.0,647373,586091.0,9122.0,22.0,10943.0,1821.0,1
755,42,62,62_ref_100_rule,410830,442371.0,469042.0,526949,453675.0,31541.0,25.0,42845.0,11304.0,1
757,42,66,66_ref_101_rule,785693,809555.0,819772.0,824833,815465.0,23862.0,3.0,29772.0,5910.0,1
759,42,72,72_ref_100_rule,999253,1008943.0,1028053.0,1066982,1010462.0,9690.0,3.0,11209.0,1519.0,1
762,43,3,3_ref_106_rule,1396116,1416548.0,1434684.0,1489992,1470622.0,20432.0,2.0,74506.0,54074.0,0
763,43,3,3_ref_101_rule,1396116,1434684.0,1441679.0,1489992,1472229.0,38568.0,1.0,76113.0,37545.0,0
764,43,3,3_ref_100_rule,1396116,1441679.0,1447582.0,1489992,1473620.0,45563.0,1.0,77504.0,31941.0,0
765,43,3,3_ref_105_rule,1396116,1447582.0,1457450.0,1489992,1475044.0,51466.0,3.0,78928.0,27462.0,0
766,43,3,3_ref_102_rule,1396116,1457450.0,1461363.0,1489992,-1.0,61334.0,0.0,-1.0,,0
768,43,5,5_ref_100_rule,792346,827998.0,841829.0,961185,928833.0,35652.0,3.0,136487.0,100835.0,0
769,43,5,5_ref_101_rule,792346,841829.0,846750.0,961185,931031.0,49483.0,3.0,138685.0,89202.0,0
770,43,5,5_ref_103_rule,792346,846750.0,853262.0,961185,935028.0,54404.0,17.0,142682.0,88278.0,0
772,43,9,9_ref_101_rule,993745,1013872.0,1022357.0,1041745,1027747.0,20127.0,3.0,34002.0,13875.0,0
775,43,20,20_ref_100_rule,490264,500363.0,511405.0,532211,518861.0,10099.0,5.0,28597.0,18498.0,0
777,43,27,27_ref_103_rule,163507,193839.0,224041.0,263914,195410.0,30332.0,10.0,31903.0,1571.0,1
778,43,27,27_ref_102_rule,163507,224041.0,230319.0,263914,243403.0,60534.0,2.0,79896.0,19362.0,0
780,43,28,28_ref_100_rule,1219964,1227509.0,1231681.0,1280822,1270379.0,7545.0,5.0,50415.0,42870.0,0
781,43,28,28_ref_101_rule,1219964,1231681.0,1238892.0,1280822,1267856.0,11717.0,2.0,47892.0,36175.0,0
782,43,28,28_ref_104_rule,1219964,1238892.0,1244471.0,1280822,1270654.0,18928.0,2.0,50690.0,31762.0,0
785,43,60,60_ref_101_rule,550831,564781.0,581694.0,605951,588530.0,13950.0,3.0,37699.0,23749.0,0
787,43,62,62_ref_100_rule,632233,658394.0,662849.0,726976,692816.0,26161.0,5.0,60583.0,34422.0,0
789,43,66,66_ref_101_rule,1134132,1160177.0,1170269.0,1202926,1178585.0,26045.0,3.0,44453.0,18408.0,0
791,43,72,72_ref_100_rule,71256,84482.0,90386.0,136426,,13226.0,,,,0
794,44,3,3_ref_106_rule,100917,114741.0,188126.0,280350,115907.0,13824.0,15.0,14990.0,1166.0,1
795,44,3,3_ref_101_rule,100917,188126.0,201940.0,280350,188939.0,87209.0,5.0,88022.0,813.0,1
796,44,3,3_ref_100_rule,100917,201940.0,218686.0,280350,203736.0,101023.0,8.0,102819.0,1796.0,1
797,44,3,3_ref_105_rule,100917,218686.0,230052.0,280350,220183.0,117769.0,3.0,119266.0,1497.0,1
798,44,3,3_ref_102_rule,100917,230052.0,250719.0,280350,231917.0,129135.0,2.0,131000.0,1865.0,1
800,44,5,5_ref_100_rule,1365918,1393743.0,1407649.0,1471994,1395164.0,27825.0,3.0,29246.0,1421.0,1
801,44,5,5_ref_101_rule,1365918,1407649.0,1421754.0,1471994,1408247.0,41731.0,1.0,42329.0,598.0,1
802,44,5,5_ref_103_rule,1365918,1421754.0,1429590.0,1471994,1422745.0,55836.0,9.0,56827.0,991.0,1
804,44,9,9_ref_101_rule,327626,363840.0,383208.0,417113,370412.0,36214.0,8.0,42786.0,6572.0,1
807,44,20,20_ref_100_rule,1050238,1058411.0,1073824.0,1091792,1059348.0,8173.0,5.0,9110.0,937.0,1
809,44,27,27_ref_103_rule,449991,491891.0,520902.0,535572,492936.0,41900.0,11.0,42945.0,1045.0,1
810,44,27,27_ref_102_rule,449991,520902.0,528871.0,535572,522215.0,70911.0,1.0,72224.0,1313.0,1
812,44,28,28_ref_100_rule,1162710,1188036.0,1197412.0,1223251,1190491.0,25326.0,1.0,27781.0,2455.0,1
813,44,28,28_ref_101_rule,1162710,1197412.0,1206996.0,1223251,-1.0,34702.0,0.0,-1.0,,0
814,44,28,28_ref_104_rule,1162710,1206996.0,1217838.0,1223251,1220953.0,44286.0,2.0,58243.0,13957.0,0
817,44,60,60_ref_101_rule,685260,698390.0,714461.0,744444,730936.0,13130.0,2.0,45676.0,32546.0,0
819,44,62,62_ref_100_rule,555359,590307.0,611541.0,647819,591025.0,34948.0,5.0,35666.0,718.0,1
821,44,66,66_ref_101_rule,969370,998641.0,1016169.0,1035931,1000440.0,29271.0,5.0,31070.0,1799.0,1
823,44,72,72_ref_100_rule,864410,898460.0,905888.0,945378,920021.0,34050.0,3.0,55611.0,21561.0,0
826,46,3,3_ref_106_rule,84140,97482.0,117658.0,231079,161170.0,13342.0,10.0,77030.0,63688.0,0
827,46,3,3_ref_101_rule,84140,117658.0,131215.0,231079,133414.0,33518.0,9.0,49274.0,15756.0,0
828,46,3,3_ref_100_rule,84140,131215.0,148618.0,231079,133239.0,47075.0,6.0,49099.0,2024.0,1
829,46,3,3_ref_105_rule,84140,148618.0,177579.0,231079,150252.0,64478.0,9.0,66112.0,1634.0,1
830,46,3,3_ref_102_rule,84140,177579.0,186539.0,231079,179307.0,93439.0,10.0,95167.0,1728.0,1
832,46,5,5_ref_100_rule,441758,468048.0,478840.0,583909,549575.0,26290.0,11.0,107817.0,81527.0,0
833,46,5,5_ref_101_rule,441758,478840.0,484560.0,583909,558685.0,37082.0,7.0,116927.0,79845.0,0
834,46,5,5_ref_103_rule,441758,484560.0,504262.0,583909,502007.0,42802.0,20.0,60249.0,17447.0,1
836,46,9,9_ref_101_rule,1035862,1054223.0,1062425.0,1085494,1073769.0,18361.0,2.0,37907.0,19546.0,0
839,46,20,20_ref_100_rule,1311944,1320502.0,1329562.0,1341890,1334612.0,8558.0,4.0,22668.0,14110.0,0
841,46,27,27_ref_103_rule,1126890,1144828.0,1159559.0,1199489,1184683.0,17938.0,7.0,57793.0,39855.0,0
842,46,27,27_ref_102_rule,1126890,1159559.0,1165596.0,1199489,1183167.0,32669.0,6.0,56277.0,23608.0,0
844,46,28,28_ref_100_rule,697589,708447.0,714417.0,771296,747104.0,10858.0,5.0,49515.0,38657.0,0
845,46,28,28_ref_101_rule,697589,714417.0,731429.0,771296,-1.0,16828.0,0.0,-1.0,,0
846,46,28,28_ref_104_rule,697589,731429.0,741754.0,771296,750843.0,33840.0,3.0,53254.0,19414.0,0
849,46,60,60_ref_101_rule,622924,632255.0,642123.0,658324,636148.0,9331.0,4.0,13224.0,3893.0,1
851,46,62,62_ref_100_rule,1356763,1378341.0,1387459.0,1435516,1379231.0,21578.0,14.0,22468.0,890.0,1
853,46,66,66_ref_101_rule,359224,382239.0,389059.0,426510,396573.0,23015.0,13.0,37349.0,14334.0,0
855,46,72,72_ref_100_rule,798160,809727.0,817171.0,866138,829713.0,11567.0,4.0,31553.0,19986.0,0
858,49,3,3_ref_106_rule,59443,77016.0,90422.0,135574,122158.0,17573.0,2.0,62715.0,45142.0,0
859,49,3,3_ref_101_rule,59443,90422.0,99323.0,135574,107701.0,30979.0,1.0,48258.0,17279.0,0
860,49,3,3_ref_100_rule,59443,99323.0,106626.0,135574,101881.0,39880.0,4.0,42438.0,2558.0,1
861,49,3,3_ref_105_rule,59443,106626.0,123229.0,135574,107926.0,47183.0,3.0,48483.0,1300.0,1
862,49,3,3_ref_102_rule,59443,123229.0,125902.0,135574,-1.0,63786.0,0.0,-1.0,,0
864,49,5,5_ref_100_rule,380229,411106.0,418209.0,466120,412199.0,30877.0,6.0,31970.0,1093.0,1
865,49,5,5_ref_101_rule,380229,418209.0,425029.0,466120,425373.0,37980.0,1.0,45144.0,7164.0,0
866,49,5,5_ref_103_rule,380229,425029.0,437594.0,466120,435891.0,44800.0,3.0,55662.0,10862.0,1
868,49,9,9_ref_101_rule,734033,753407.0,782492.0,799162,755335.0,19374.0,5.0,21302.0,1928.0,1
871,49,20,20_ref_100_rule,584379,592815.0,616205.0,622861,594289.0,8436.0,13.0,9910.0,1474.0,1
877,49,72,72_ref_100_rule,1096990,1118139.0,1150829.0,1160796,-1.0,21149.0,0.0,-1.0,,0
880,50,3,3_ref_106_rule,389788,407011.0,417853.0,439810,407959.0,17223.0,6.0,18171.0,948.0,1
882,50,5,5_ref_100_rule,49383,69595.0,97823.0,169423,114694.0,20212.0,7.0,65311.0,45099.0,0
883,50,5,5_ref_101_rule,49383,97823.0,107283.0,169423,118874.0,48440.0,2.0,69491.0,21051.0,0
886,50,20,20_ref_100_rule,208830,215908.0,224851.0,255814,217774.0,7078.0,2.0,8944.0,1866.0,1
888,50,27,27_ref_103_rule,469833,481788.0,485443.0,507122,490135.0,11955.0,12.0,20302.0,8347.0,0
891,50,60,60_ref_101_rule,865115,871522.0,878334.0,880071,-1.0,6407.0,0.0,-1.0,,0
893,50,66,66_ref_101_rule,779232,810686.0,813300.0,816440,816182.0,31454.0,1.0,36950.0,5496.0,0
896,51,3,3_ref_106_rule,980410,995650.0,1011313.0,1121436,1029525.0,15240.0,1.0,49115.0,33875.0,0
897,51,3,3_ref_101_rule,980410,1011313.0,1038509.0,1121436,1113716.0,30903.0,1.0,133306.0,102403.0,0
898,51,3,3_ref_100_rule,980410,1038509.0,1059035.0,1121436,1109694.0,58099.0,1.0,129284.0,71185.0,0
899,51,3,3_ref_105_rule,980410,1059035.0,1074065.0,1121436,1113533.0,78625.0,1.0,133123.0,54498.0,0
900,51,3,3_ref_102_rule,980410,1074065.0,1083908.0,1121436,-1.0,93655.0,0.0,-1.0,,0
902,51,5,5_ref_100_rule,626855,648323.0,659381.0,761711,728418.0,21468.0,13.0,101563.0,80095.0,0
903,51,5,5_ref_101_rule,626855,659381.0,668241.0,761711,721531.0,32526.0,3.0,94676.0,62150.0,0
904,51,5,5_ref_103_rule,626855,668241.0,681681.0,761711,683049.0,41386.0,29.0,56194.0,14808.0,0
906,51,9,9_ref_101_rule,416343,435993.0,447959.0,472570,455957.0,19650.0,4.0,39614.0,19964.0,0
909,51,20,20_ref_100_rule,1218177,1227798.0,1235143.0,1259124,1248031.0,9621.0,4.0,29854.0,20233.0,0
911,51,27,27_ref_103_rule,139078,161460.0,170053.0,215808,191924.0,22382.0,13.0,52846.0,30464.0,0
912,51,27,27_ref_102_rule,139078,170053.0,174284.0,215808,-1.0,30975.0,0.0,-1.0,,0
914,51,28,28_ref_100_rule,1276745,1286512.0,1293074.0,1361220,-1.0,9767.0,0.0,-1.0,,0
915,51,28,28_ref_101_rule,1276745,1293074.0,1310527.0,1361220,1297522.0,16329.0,5.0,20777.0,4448.0,1
916,51,28,28_ref_104_rule,1276745,1310527.0,1320578.0,1361220,1344465.0,33782.0,1.0,67720.0,33938.0,0
919,51,60,60_ref_101_rule,240807,251458.0,262150.0,297775,296335.0,10651.0,2.0,55528.0,44877.0,0
921,51,62,62_ref_100_rule,1392531,1402132.0,1408069.0,1431203,1427897.0,9601.0,1.0,35366.0,25765.0,0
923,51,66,66_ref_101_rule,808945,829868.0,834007.0,867213,841739.0,20923.0,1.0,32794.0,11871.0,0
925,51,72,72_ref_100_rule,51930,63959.0,72427.0,101713,-1.0,12029.0,0.0,-1.0,,0
928,54,3,3_ref_106_rule,708840,718333.0,731947.0,794797,748487.0,9493.0,8.0,39647.0,30154.0,0
929,54,3,3_ref_101_rule,708840,731947.0,738367.0,794797,776792.0,23107.0,3.0,67952.0,44845.0,0
930,54,3,3_ref_100_rule,708840,738367.0,752115.0,794797,-1.0,29527.0,0.0,-1.0,,0
931,54,3,3_ref_105_rule,708840,752115.0,760434.0,794797,754583.0,43275.0,10.0,45743.0,2468.0,1
932,54,3,3_ref_102_rule,708840,760434.0,767895.0,794797,776509.0,51594.0,3.0,67669.0,16075.0,0
934,54,5,5_ref_100_rule,222628,235519.0,244063.0,320769,295778.0,12891.0,13.0,73150.0,60259.0,0
935,54,5,5_ref_101_rule,222628,244063.0,252406.0,320769,293979.0,21435.0,3.0,71351.0,49916.0,0
936,54,5,5_ref_103_rule,222628,252406.0,262782.0,320769,305621.0,29778.0,11.0,82993.0,53215.0,0
938,54,9,9_ref_101_rule,594803,612531.0,619750.0,670008,632726.0,17728.0,8.0,37923.0,20195.0,0
941,54,20,20_ref_100_rule,1008172,1012931.0,1022432.0,1047478,1018673.0,4759.0,11.0,10501.0,5742.0,1
943,54,27,27_ref_103_rule,841973,856668.0,874863.0,903363,862949.0,14695.0,14.0,20976.0,6281.0,1
944,54,27,27_ref_102_rule,841973,874863.0,882890.0,903363,880629.0,32890.0,2.0,38656.0,5766.0,1
946,54,28,28_ref_100_rule,1078698,1087465.0,1091554.0,1139757,1111393.0,8767.0,5.0,32695.0,23928.0,0
947,54,28,28_ref_101_rule,1078698,1091554.0,1099248.0,1139757,1109928.0,12856.0,4.0,31230.0,18374.0,0
948,54,28,28_ref_104_rule,1078698,1099248.0,1103203.0,1139757,1109112.0,20550.0,3.0,30414.0,9864.0,0
951,54,60,60_ref_101_rule,518290,523907.0,533200.0,556671,537301.0,5617.0,5.0,19011.0,13394.0,0
953,54,62,62_ref_100_rule,1163524,1176937.0,1180635.0,1222991,1202530.0,13413.0,8.0,39006.0,25593.0,0
955,54,66,66_ref_101_rule,121274,143598.0,148802.0,189626,167658.0,22324.0,7.0,46384.0,24060.0,0
957,54,72,72_ref_100_rule,1271574,1277552.0,1283380.0,1321147,1296007.0,5978.0,1.0,24433.0,18455.0,0
960,56,3,3_ref_106_rule,670287,682243.0,691344.0,735674,-1.0,11956.0,0.0,-1.0,,0
961,56,3,3_ref_101_rule,670287,691344.0,697631.0,735674,-1.0,21057.0,0.0,-1.0,,0
962,56,3,3_ref_100_rule,670287,697631.0,704492.0,735674,-1.0,27344.0,0.0,-1.0,,0
963,56,3,3_ref_105_rule,670287,704492.0,711446.0,735674,729536.0,34205.0,1.0,59249.0,25044.0,0
964,56,3,3_ref_102_rule,670287,711446.0,715867.0,735674,-1.0,41159.0,0.0,-1.0,,0
966,56,5,5_ref_100_rule,572130,589423.0,595152.0,639799,631880.0,17293.0,3.0,59750.0,42457.0,0
967,56,5,5_ref_101_rule,572130,595152.0,599199.0,639799,-1.0,23022.0,0.0,-1.0,,0
968,56,5,5_ref_103_rule,572130,599199.0,604462.0,639799,-1.0,27069.0,0.0,-1.0,,0
970,56,9,9_ref_101_rule,213996,225461.0,231257.0,259323,240412.0,11465.0,7.0,26416.0,14951.0,0
973,56,20,20_ref_100_rule,447934,454269.0,458408.0,468578,462691.0,6335.0,1.0,14757.0,8422.0,0
975,56,27,27_ref_103_rule,864351,877292.0,882646.0,894163,890807.0,12941.0,1.0,26456.0,13515.0,0
976,56,27,27_ref_102_rule,864351,882646.0,885360.0,894163,-1.0,18295.0,0.0,-1.0,,0
978,56,28,28_ref_100_rule,294774,304676.0,308140.0,326377,323187.0,9902.0,1.0,28413.0,18511.0,0
979,56,28,28_ref_101_rule,294774,308140.0,313802.0,326377,322996.0,13366.0,1.0,28222.0,14856.0,0
980,56,28,28_ref_104_rule,294774,313802.0,317108.0,326377,-1.0,19028.0,0.0,-1.0,,0
983,56,60,60_ref_100_rule,811680,821194.0,835433.0,840768,826561.0,9514.0,2.0,14881.0,5367.0,1
985,56,62,62_ref_100_rule,490871,501924.0,505063.0,539711,520016.0,11053.0,6.0,29145.0,18092.0,0
987,56,66,66_ref_101_rule,345480,365196.0,367078.0,383279,373602.0,19716.0,4.0,28122.0,8406.0,0
990,60,3,3_ref_106_rule,43305,60589.0,85062.0,132369,126664.0,17284.0,2.0,83359.0,66075.0,0
991,60,3,3_ref_101_rule,43305,85062.0,101275.0,132369,87008.0,41757.0,1.0,43703.0,1946.0,1
992,60,3,3_ref_100_rule,43305,101275.0,108236.0,132369,-1.0,57970.0,0.0,-1.0,,0
993,60,3,3_ref_105_rule,43305,108236.0,112833.0,132369,129079.0,64931.0,2.0,85774.0,20843.0,0
994,60,3,3_ref_102_rule,43305,112833.0,123941.0,132369,-1.0,69528.0,0.0,-1.0,,0
996,60,5,5_ref_100_rule,652640,667267.0,677834.0,712989,-1.0,14627.0,0.0,-1.0,,0
997,60,5,5_ref_101_rule,652640,677834.0,684096.0,712989,-1.0,25194.0,0.0,-1.0,,0
998,60,5,5_ref_103_rule,652640,684096.0,689850.0,712989,-1.0,31456.0,0.0,-1.0,,0
1000,60,9,9_ref_101_rule,286595,300740.0,308534.0,331297,311327.0,14145.0,10.0,24732.0,10587.0,0
1003,60,20,20_ref_100_rule,242858,254858.0,259146.0,271622,262578.0,12000.0,2.0,19720.0,7720.0,0
1005,60,27,27_ref_103_rule,409459,423471.0,432789.0,454419,424732.0,14012.0,2.0,15273.0,1261.0,1
1006,60,27,27_ref_102_rule,409459,432789.0,434821.0,454419,-1.0,23330.0,0.0,-1.0,,0
1008,60,28,28_ref_100_rule,862352,870211.0,875398.0,890916,-1.0,7859.0,0.0,-1.0,,0
1009,60,28,28_ref_101_rule,862352,875398.0,883001.0,890916,-1.0,13046.0,0.0,-1.0,,0
1013,60,62,62_ref_100_rule,782240,794827.0,817252.0,828651,-1.0,12587.0,0.0,-1.0,,0
1015,60,66,66_ref_101_rule,178028,203839.0,206595.0,231616,212238.0,25811.0,5.0,34210.0,8399.0,0
1017,60,72,72_ref_100_rule,468992,479686.0,483167.0,519449,494916.0,10694.0,2.0,25924.0,15230.0,0
1020,63,3,3_ref_106_rule,148520,159949.0,179451.0,242129,229330.0,11429.0,5.0,80810.0,69381.0,0
1021,63,3,3_ref_101_rule,148520,179451.0,188186.0,242129,234909.0,30931.0,2.0,86389.0,55458.0,0
1022,63,3,3_ref_100_rule,148520,188186.0,196821.0,242129,233219.0,39666.0,2.0,84699.0,45033.0,0
1023,63,3,3_ref_105_rule,148520,196821.0,209544.0,242129,231362.0,48301.0,2.0,82842.0,34541.0,0
1024,63,3,3_ref_102_rule,148520,209544.0,215490.0,242129,-1.0,61024.0,0.0,-1.0,,0
1026,63,5,5_ref_100_rule,655068,665659.0,670972.0,741725,716367.0,10591.0,4.0,61299.0,50708.0,0
1027,63,5,5_ref_101_rule,655068,670972.0,675110.0,741725,740009.0,15904.0,2.0,84941.0,69037.0,0
1028,63,5,5_ref_103_rule,655068,675110.0,684236.0,741725,685830.0,20042.0,17.0,30762.0,10720.0,0
1030,63,9,9_ref_101_rule,292212,309118.0,318411.0,348555,330285.0,16906.0,9.0,38073.0,21167.0,0
1032,63,20,20_ref_100_rule,913904,918189.0,927065.0,940618,934681.0,4285.0,2.0,20777.0,16492.0,0
1034,63,27,27_ref_103_rule,440733,455380.0,470451.0,513150,483003.0,14647.0,7.0,42270.0,27623.0,0
1035,63,27,27_ref_102_rule,440733,470451.0,475514.0,513150,-1.0,29718.0,0.0,-1.0,,0
1037,63,28,28_ref_101_rule,956749,964278.0,974311.0,997337,984854.0,7529.0,2.0,28105.0,20576.0,0
1038,63,28,28_ref_104_rule,956749,974311.0,979332.0,997337,995422.0,17562.0,2.0,38673.0,21111.0,0
1041,63,60,60_ref_100_rule,857493,866179.0,874206.0,900880,896016.0,8686.0,4.0,38523.0,29837.0,0
1044,63,66,66_ref_101_rule,806605,820031.0,826368.0,845493,833677.0,13426.0,3.0,27072.0,13646.0,0
1046,63,72,72_ref_100_rule,41486,47736.0,54555.0,100595,74221.0,6250.0,6.0,32735.0,26485.0,0
1049,66,3,3_ref_106_rule,669966,684385.0,698299.0,767388,752208.0,14419.0,3.0,82242.0,67823.0,0
1050,66,3,3_ref_101_rule,669966,698299.0,707183.0,767388,759477.0,28333.0,1.0,89511.0,61178.0,0
1051,66,3,3_ref_100_rule,669966,707183.0,716451.0,767388,-1.0,37217.0,0.0,-1.0,,0
1052,66,3,3_ref_105_rule,669966,716451.0,727076.0,767388,760443.0,46485.0,3.0,90477.0,43992.0,0
1053,66,3,3_ref_102_rule,669966,727076.0,733696.0,767388,762109.0,57110.0,1.0,92143.0,35033.0,0
1055,66,5,5_ref_100_rule,1024801,1043151.0,1051144.0,1111399,1093436.0,18350.0,2.0,68635.0,50285.0,0
1056,66,5,5_ref_101_rule,1024801,1051144.0,1057764.0,1111399,-1.0,26343.0,0.0,-1.0,,0
1057,66,5,5_ref_103_rule,1024801,1057764.0,1065841.0,1111399,1095343.0,32963.0,8.0,70542.0,37579.0,0
1059,66,9,9_ref_101_rule,854470,871824.0,880400.0,913712,900247.0,17354.0,6.0,45777.0,28423.0,0
1062,66,20,20_ref_100_rule,359673,367676.0,376270.0,395282,380201.0,8003.0,4.0,20528.0,12525.0,0
1064,66,27,27_ref_103_rule,941301,956009.0,967325.0,1001651,986395.0,14708.0,4.0,45094.0,30386.0,0
1065,66,27,27_ref_102_rule,941301,967325.0,970973.0,1001651,993640.0,26024.0,1.0,52339.0,26315.0,0
1067,66,28,28_ref_100_rule,292637,301910.0,305091.0,340445,324781.0,9273.0,2.0,32144.0,22871.0,0
1068,66,28,28_ref_101_rule,292637,305091.0,313043.0,340445,327629.0,12454.0,3.0,34992.0,22538.0,0
1069,66,28,28_ref_104_rule,292637,313043.0,318872.0,340445,-1.0,20406.0,0.0,-1.0,,0
1072,66,60,60_ref_101_rule,534727,542984.0,551927.0,561158,553822.0,8257.0,5.0,19095.0,10838.0,0
1074,66,62,62_ref_100_rule,120674,134254.0,137127.0,155524,147996.0,13580.0,3.0,27322.0,13742.0,0
1076,66,66,66_ref_101_rule,41970,60328.0,66423.0,100096,82925.0,18358.0,5.0,40955.0,22597.0,0
1078,66,72,72_ref_100_rule,590588,598933.0,608701.0,640619,617602.0,8345.0,1.0,27014.0,18669.0,0
1081,68,3,3_ref_106_rule,553106,559364.0,570264.0,620684,604370.0,6258.0,4.0,51264.0,45006.0,0
1082,68,3,3_ref_101_rule,553106,570264.0,574627.0,620684,-1.0,17158.0,0.0,-1.0,,0
1083,68,3,3_ref_100_rule,553106,574627.0,584686.0,620684,614338.0,21521.0,1.0,61232.0,39711.0,0
1084,68,3,3_ref_105_rule,553106,584686.0,593330.0,620684,603879.0,31580.0,2.0,50773.0,19193.0,0
1085,68,3,3_ref_102_rule,553106,593330.0,597743.0,620684,-1.0,40224.0,0.0,-1.0,,0
1087,68,5,5_ref_100_rule,303996,317774.0,324444.0,379851,354244.0,13778.0,10.0,50248.0,36470.0,0
1088,68,5,5_ref_101_rule,303996,324444.0,330706.0,379851,377969.0,20448.0,1.0,73973.0,53525.0,0
1089,68,5,5_ref_103_rule,303996,330706.0,338067.0,379851,339546.0,26710.0,12.0,35550.0,8840.0,0
1091,68,9,9_ref_101_rule,480389,494405.0,500692.0,532079,512043.0,14016.0,6.0,31654.0,17638.0,0
1094,68,20,20_ref_100_rule,170056,174600.0,178081.0,207422,184063.0,4544.0,4.0,14007.0,9463.0,0
1096,68,27,27_ref_103_rule,407599,418522.0,427357.0,466101,441733.0,10923.0,5.0,34134.0,23211.0,0
1097,68,27,27_ref_102_rule,407599,427357.0,430663.0,466101,-1.0,19758.0,0.0,-1.0,,0
1099,68,28,28_ref_100_rule,219597,225120.0,232714.0,285692,252382.0,5523.0,18.0,32785.0,27262.0,0
1100,68,28,28_ref_101_rule,219597,232714.0,239018.0,285692,258578.0,13117.0,3.0,38981.0,25864.0,0
1101,68,28,28_ref_104_rule,219597,239018.0,245771.0,285692,280779.0,19421.0,1.0,61182.0,41761.0,0
1105,68,62,62_ref_100_rule,897332,906980.0,937872.0,967109,938162.0,9648.0,2.0,40830.0,31182.0,0
1108,68,72,72_ref_100_rule,645766,651726.0,656672.0,692225,672697.0,5960.0,3.0,26931.0,20971.0,0
1111,69,3,3_ref_106_rule,791730,806070.0,833340.0,903105,810170.0,14340.0,2.0,18440.0,4100.0,1
1112,69,3,3_ref_101_rule,791730,833340.0,847638.0,903105,842223.0,41610.0,4.0,50493.0,8883.0,1
1113,69,3,3_ref_100_rule,791730,847638.0,858729.0,903105,849343.0,55908.0,2.0,57613.0,1705.0,1
1114,69,3,3_ref_105_rule,791730,858729.0,878680.0,903105,862717.0,66999.0,1.0,70987.0,3988.0,1
1116,69,5,5_ref_100_rule,635708,664857.0,683492.0,759927,756072.0,29149.0,1.0,120364.0,91215.0,0
1117,69,5,5_ref_101_rule,635708,683492.0,696898.0,759927,688004.0,47784.0,1.0,52296.0,4512.0,1
1118,69,5,5_ref_103_rule,635708,696898.0,710628.0,759927,700579.0,61190.0,13.0,64871.0,3681.0,1
1120,69,9,9_ref_101_rule,1210832,1230713.0,1247558.0,1276269,1238846.0,19881.0,4.0,28014.0,8133.0,1
1123,69,20,20_ref_100_rule,372368,382385.0,403119.0,412325,385018.0,10017.0,5.0,12650.0,2633.0,1
1126,69,28,28_ref_100_rule,435725,444345.0,459342.0,494701,452114.0,8620.0,5.0,16389.0,7769.0,1
1127,69,28,28_ref_101_rule,435725,459342.0,474064.0,494701,493077.0,23617.0,1.0,57352.0,33735.0,0
1128,69,28,28_ref_104_rule,435725,474064.0,483240.0,494701,475398.0,38339.0,6.0,39673.0,1334.0,1
1131,69,60,60_ref_101_rule,938248,944845.0,951181.0,970467,958517.0,6597.0,2.0,20269.0,13672.0,0
1133,69,62,62_ref_100_rule,84292,108099.0,112471.0,133341,109566.0,23807.0,5.0,25274.0,1467.0,1
1135,69,66,66_ref_101_rule,173113,201251.0,209445.0,263051,,28138.0,,,,0
1137,69,72,72_ref_100_rule,516150,530028.0,547956.0,560211,532555.0,13878.0,2.0,16405.0,2527.0,1
1140,71,3,3_ref_106_rule,1094080,1103580.0,1118502.0,1218376,1166304.0,9500.0,6.0,72224.0,62724.0,0
1141,71,3,3_ref_101_rule,1094080,1118502.0,1131500.0,1218376,1163031.0,24422.0,4.0,68951.0,44529.0,0
1142,71,3,3_ref_100_rule,1094080,1131500.0,1139602.0,1218376,1163722.0,37420.0,6.0,69642.0,32222.0,0
1143,71,3,3_ref_105_rule,1094080,1139602.0,1150927.0,1218376,1216910.0,45522.0,1.0,122830.0,77308.0,0
1144,71,3,3_ref_102_rule,1094080,1150927.0,1161119.0,1218376,1165463.0,56847.0,2.0,71383.0,14536.0,0
1146,71,5,5_ref_100_rule,1376715,1399486.0,1422060.0,1504568,1401048.0,22771.0,5.0,24333.0,1562.0,1
1147,71,5,5_ref_101_rule,1376715,1422060.0,1467758.0,1504568,1423300.0,45345.0,4.0,46585.0,1240.0,1
1149,71,9,9_ref_101_rule,862699,882649.0,893840.0,949231,930044.0,19950.0,5.0,67345.0,47395.0,0
1152,71,20,20_ref_100_rule,328937,341522.0,355811.0,402194,376453.0,12585.0,1.0,47516.0,34931.0,0
1154,71,27,27_ref_103_rule,753384,782234.0,794184.0,833879,816831.0,28850.0,3.0,63447.0,34597.0,0
1155,71,27,27_ref_102_rule,753384,794184.0,799646.0,833879,819929.0,40800.0,1.0,66545.0,25745.0,0
1157,71,28,28_ref_100_rule,1266959,1278853.0,1296840.0,1348968,1279700.0,11894.0,4.0,12741.0,847.0,1
1158,71,28,28_ref_101_rule,1266959,1296840.0,1309289.0,1348968,1325951.0,29881.0,4.0,58992.0,29111.0,0
1159,71,28,28_ref_104_rule,1266959,1309289.0,1315359.0,1348968,1332097.0,42330.0,5.0,65138.0,22808.0,0
1162,71,60,60_ref_101_rule,427319,437199.0,445909.0,481180,470081.0,9880.0,1.0,42762.0,32882.0,0
1164,71,62,62_ref_100_rule,990760,1024057.0,1030477.0,1047119,1045930.0,33297.0,4.0,55170.0,21873.0,0
1167,71,72,72_ref_100_rule,539791,547231.0,556233.0,603538,593129.0,7440.0,2.0,53338.0,45898.0,0
1170,73,3,3_ref_106_rule,98263,108664.0,117740.0,174968,140567.0,10401.0,8.0,42304.0,31903.0,0
1171,73,3,3_ref_101_rule,98263,117740.0,122753.0,174968,145113.0,19477.0,5.0,46850.0,27373.0,0
1172,73,3,3_ref_100_rule,98263,122753.0,128015.0,174968,140192.0,24490.0,1.0,41929.0,17439.0,0
1173,73,3,3_ref_105_rule,98263,128015.0,134727.0,174968,148669.0,29752.0,1.0,50406.0,20654.0,0
1174,73,3,3_ref_102_rule,98263,134727.0,138466.0,174968,-1.0,36464.0,0.0,-1.0,,0
1176,73,5,5_ref_100_rule,607874,620443.0,625498.0,643349,-1.0,12569.0,0.0,-1.0,,0
1177,73,5,5_ref_101_rule,607874,625498.0,628620.0,643349,-1.0,17624.0,0.0,-1.0,,0
1178,73,5,5_ref_103_rule,607874,628620.0,631535.0,643349,-1.0,20746.0,0.0,-1.0,,0
1180,73,9,9_ref_101_rule,723042,732847.0,737244.0,759525,742570.0,9805.0,6.0,19528.0,9723.0,0
1183,73,20,20_ref_100_rule,327486,332483.0,337579.0,349296,-1.0,4997.0,0.0,-1.0,,0
1185,73,27,27_ref_103_rule,271875,285236.0,292997.0,313405,-1.0,13361.0,0.0,-1.0,,0
1186,73,27,27_ref_102_rule,271875,292997.0,296486.0,313405,308400.0,21122.0,1.0,36525.0,15403.0,0
1188,73,28,28_ref_100_rule,411669,417659.0,429300.0,439358,421379.0,5990.0,2.0,9710.0,3720.0,1
1189,73,28,28_ref_101_rule,411669,429300.0,436020.0,439358,-1.0,17631.0,0.0,-1.0,,0
1195,73,72,72_ref_100_rule,459678,466571.0,472225.0,495144,-1.0,6893.0,0.0,-1.0,,0
1198,75,3,3_ref_106_rule,190627,202429.0,213096.0,276383,256814.0,11802.0,1.0,66187.0,54385.0,0
1199,75,3,3_ref_101_rule,190627,213096.0,217451.0,276383,227468.0,22469.0,1.0,36841.0,14372.0,0
1200,75,3,3_ref_100_rule,190627,217451.0,224263.0,276383,-1.0,26824.0,0.0,-1.0,,0
1201,75,3,3_ref_105_rule,190627,224263.0,242798.0,276383,226227.0,33636.0,5.0,35600.0,1964.0,1
1202,75,3,3_ref_102_rule,190627,242798.0,247986.0,276383,264533.0,52171.0,1.0,73906.0,21735.0,0
1204,75,5,5_ref_100_rule,911679,921195.0,930047.0,989119,959312.0,9516.0,4.0,47633.0,38117.0,0
1205,75,5,5_ref_101_rule,911679,930047.0,933936.0,989119,-1.0,18368.0,0.0,-1.0,,0
1206,75,5,5_ref_103_rule,911679,933936.0,941080.0,989119,939950.0,22257.0,31.0,28271.0,6014.0,1
1208,75,9,9_ref_101_rule,465668,479168.0,488778.0,510512,496564.0,13500.0,4.0,30896.0,17396.0,0
1211,75,20,20_ref_100_rule,298401,303544.0,315093.0,334277,305796.0,5143.0,10.0,7395.0,2252.0,1
1213,75,27,27_ref_103_rule,1004901,1013432.0,1023350.0,1054099,-1.0,8531.0,0.0,-1.0,,0
1214,75,27,27_ref_102_rule,1004901,1023350.0,1025998.0,1054099,-1.0,18449.0,0.0,-1.0,,0
1216,75,28,28_ref_100_rule,534512,539647.0,542578.0,574917,562625.0,5135.0,2.0,28113.0,22978.0,0
1217,75,28,28_ref_101_rule,534512,542578.0,550089.0,574917,545646.0,8066.0,2.0,11134.0,3068.0,1
1218,75,28,28_ref_104_rule,534512,550089.0,553778.0,574917,557054.0,15577.0,8.0,22542.0,6965.0,0
1221,75,60,60_ref_101_rule,595344,600475.0,603506.0,615114,604238.0,5131.0,3.0,8894.0,3763.0,0
1223,75,62,62_ref_100_rule,633243,643808.0,656607.0,683782,645592.0,10565.0,6.0,12349.0,1784.0,1
1225,75,66,66_ref_101_rule,423279,435418.0,438300.0,456475,440442.0,12139.0,1.0,17163.0,5024.0,0
1227,75,72,72_ref_100_rule,345710,350575.0,357461.0,403853,372933.0,4865.0,5.0,27223.0,22358.0,0
1230,77,3,3_ref_106_rule,464823,477411.0,506971.0,594832,547932.0,12588.0,2.0,83109.0,70521.0,0
1231,77,3,3_ref_101_rule,464823,506971.0,511493.0,594832,567085.0,42148.0,3.0,102262.0,60114.0,0
1232,77,3,3_ref_100_rule,464823,511493.0,527105.0,594832,515671.0,46670.0,7.0,50848.0,4178.0,1
1233,77,3,3_ref_105_rule,464823,527105.0,538014.0,594832,566494.0,62282.0,3.0,101671.0,39389.0,0
1234,77,3,3_ref_102_rule,464823,538014.0,543484.0,594832,583091.0,73191.0,1.0,118268.0,45077.0,0
1236,77,5,5_ref_100_rule,748533,762781.0,768918.0,882532,812406.0,14248.0,13.0,63873.0,49625.0,0
1237,77,5,5_ref_101_rule,748533,768918.0,774746.0,882532,812189.0,20385.0,7.0,63656.0,43271.0,0
1238,77,5,5_ref_103_rule,748533,774746.0,782640.0,882532,819584.0,26213.0,61.0,71051.0,44838.0,0
1240,77,9,9_ref_101_rule,1030712,1039940.0,1049250.0,1076838,1059417.0,9228.0,5.0,28705.0,19477.0,0
1243,77,20,20_ref_100_rule,1511509,1516429.0,1522866.0,1536575,1526623.0,4920.0,5.0,15114.0,10194.0,0
1245,77,27,27_ref_103_rule,203405,217105.0,229828.0,261099,237664.0,13700.0,11.0,34259.0,20559.0,0
1246,77,27,27_ref_102_rule,203405,229828.0,233025.0,261099,246075.0,26423.0,1.0,42670.0,16247.0,0
1248,77,28,28_ref_100_rule,1316570,1325586.0,1330082.0,1398429,1333458.0,9016.0,11.0,16888.0,7872.0,0
1249,77,28,28_ref_101_rule,1316570,1330082.0,1359692.0,1398429,1333724.0,13512.0,9.0,17154.0,3642.0,1
1250,77,28,28_ref_104_rule,1316570,1359692.0,1363889.0,1398429,1370457.0,43122.0,8.0,53887.0,10765.0,0
1253,77,60,60_ref_101_rule,1417349,1422535.0,1429380.0,1465458,1442390.0,5186.0,5.0,25041.0,19855.0,0
1255,77,62,62_ref_100_rule,81874,93992.0,98088.0,145338,124169.0,12118.0,10.0,42295.0,30177.0,0
1257,77,66,66_ref_101_rule,1227765,1252884.0,1256423.0,1305652,1259709.0,25119.0,16.0,31944.0,6825.0,0
1259,77,72,72_ref_100_rule,1568461,1576050.0,1580130.0,1637329,1592585.0,7589.0,8.0,24124.0,16535.0,0
1262,78,3,3_ref_106_rule,135069,147340.0,171388.0,220036,167555.0,12271.0,4.0,32486.0,20215.0,1
1263,78,3,3_ref_101_rule,135069,171388.0,179515.0,220036,212216.0,36319.0,3.0,77147.0,40828.0,0
1264,78,3,3_ref_100_rule,135069,179515.0,184903.0,220036,211733.0,44446.0,2.0,76664.0,32218.0,0
1265,78,3,3_ref_105_rule,135069,184903.0,190823.0,220036,215131.0,49834.0,1.0,80062.0,30228.0,0
1266,78,3,3_ref_102_rule,135069,190823.0,200999.0,220036,215364.0,55754.0,1.0,80295.0,24541.0,0
1268,78,5,5_ref_100_rule,682004,703537.0,721565.0,785116,761881.0,21533.0,3.0,79877.0,58344.0,0
1269,78,5,5_ref_101_rule,682004,721565.0,725620.0,785116,-1.0,39561.0,0.0,-1.0,,0
1270,78,5,5_ref_103_rule,682004,725620.0,737736.0,785116,763439.0,43616.0,9.0,81435.0,37819.0,0
1272,78,9,9_ref_101_rule,873454,890742.0,894414.0,911353,902634.0,17288.0,3.0,29180.0,11892.0,0
1275,78,20,20_ref_100_rule,819742,824910.0,830905.0,843725,832174.0,5168.0,10.0,12432.0,7264.0,0
1278,78,28,28_ref_100_rule,421844,430514.0,433062.0,468603,439598.0,8670.0,8.0,17754.0,9084.0,0
1279,78,28,28_ref_101_rule,421844,433062.0,438083.0,468603,439332.0,11218.0,4.0,17488.0,6270.0,0
1283,78,62,62_ref_100_rule,925743,938714.0,942736.0,968913,958428.0,12971.0,6.0,32685.0,19714.0,0
1286,78,72,72_ref_100_rule,238406,246073.0,258005.0,283640,264179.0,7667.0,1.0,25773.0,18106.0,0
1289,81,3,3_ref_106_rule,2573161,2591459.0,2663085.0,2766197,2593322.0,18298.0,11.0,20161.0,1863.0,1
1290,81,3,3_ref_101_rule,2573161,2663085.0,2671953.0,2766197,2731397.0,89924.0,8.0,158236.0,68312.0,0
1291,81,3,3_ref_100_rule,2573161,2671953.0,2694003.0,2766197,2732363.0,98792.0,8.0,159202.0,60410.0,0
1292,81,3,3_ref_105_rule,2573161,2694003.0,2708708.0,2766197,2734228.0,120842.0,13.0,161067.0,40225.0,0
1293,81,3,3_ref_102_rule,2573161,2708708.0,2719466.0,2766197,2744004.0,135547.0,4.0,170843.0,35296.0,0
1295,81,5,5_ref_100_rule,2106361,2136714.0,2149587.0,2367769,,30353.0,,,,0
1296,81,5,5_ref_101_rule,2106361,2149587.0,2205869.0,2367769,,43226.0,,,,0
1297,81,5,5_ref_103_rule,2106361,2205869.0,2221082.0,2367769,,99508.0,,,,0
1299,81,9,9_ref_101_rule,1786567,1809485.0,1824232.0,1887779,1810858.0,22918.0,13.0,24291.0,1373.0,1
1302,81,20,20_ref_100_rule,3052990,3062200.0,3070901.0,3186230,3102821.0,9210.0,31.0,49831.0,40621.0,0
1304,81,27,27_ref_103_rule,71650,99206.0,160900.0,340487,101180.0,27556.0,72.0,29530.0,1974.0,1
1305,81,27,27_ref_102_rule,71650,160900.0,168211.0,340487,195396.0,89250.0,13.0,123746.0,34496.0,0
1307,81,28,28_ref_100_rule,1063232,1074540.0,1085581.0,1221270,1076006.0,11308.0,2.0,12774.0,1466.0,1
1308,81,28,28_ref_101_rule,1063232,1085581.0,1104900.0,1221270,1124614.0,22349.0,7.0,61382.0,39033.0,0
1309,81,28,28_ref_104_rule,1063232,1104900.0,1114492.0,1221270,1135381.0,41668.0,18.0,72149.0,30481.0,0
1312,81,60,60_ref_101_rule,849107,883789.0,904331.0,986359,,34682.0,,,,0
1314,81,62,62_ref_100_rule,1434964,1456877.0,1464296.0,1648363,1457948.0,21913.0,17.0,22984.0,1071.0,1
1316,81,66,66_ref_101_rule,1948295,1978629.0,1985648.0,2064507,2007405.0,30334.0,16.0,59110.0,28776.0,0
1318,81,72,72_ref_100_rule,2857059,2870999.0,2880167.0,2995096,2945698.0,13940.0,7.0,88639.0,74699.0,0
1321,85,3,3_ref_106_rule,520038,534035.0,545651.0,584909,535919.0,13997.0,2.0,15881.0,1884.0,1
1322,85,3,3_ref_101_rule,520038,545651.0,562454.0,584909,576973.0,25613.0,1.0,56935.0,31322.0,0
1324,85,5,5_ref_100_rule,611999,627937.0,633141.0,684906,681633.0,15938.0,1.0,69634.0,53696.0,0
1325,85,5,5_ref_101_rule,611999,633141.0,637438.0,684906,683574.0,21142.0,1.0,71575.0,50433.0,0
1326,85,5,5_ref_103_rule,611999,637438.0,647896.0,684906,666527.0,25439.0,19.0,54528.0,29089.0,0
1328,85,9,9_ref_101_rule,715168,726185.0,732081.0,756015,734630.0,11017.0,6.0,19462.0,8445.0,0
1331,85,20,20_ref_100_rule,938664,946839.0,953001.0,955818,953128.0,8175.0,2.0,14464.0,6289.0,0
1333,85,27,27_ref_103_rule,780057,796381.0,803434.0,831605,811502.0,16324.0,6.0,31445.0,15121.0,0
1334,85,27,27_ref_102_rule,780057,803434.0,806965.0,831605,816598.0,23377.0,1.0,36541.0,13164.0,0
1336,85,28,28_ref_100_rule,352730,362519.0,368072.0,403819,378795.0,9789.0,3.0,26065.0,16276.0,0
1337,85,28,28_ref_101_rule,352730,368072.0,374617.0,403819,380135.0,15342.0,5.0,27405.0,12063.0,0
1340,85,60,60_ref_101_rule,254590,263487.0,270290.0,295461,-1.0,8897.0,0.0,-1.0,,0
1342,85,62,62_ref_100_rule,455133,466796.0,471242.0,490592,481173.0,11663.0,6.0,26040.0,14377.0,0
